SMILES,class
CS(=O)(=O)N1Cc2cc(F)c(Cl)cc2C(C(=O)Nc2cncc3ccccc23)C1,1.0
Cc1[nH]ncc1NC(=O)Cc1cccc(Cl)c1,0.0
CC(C)N(C)S(=O)(=O)N1Cc2ccc(Cl)cc2C(C(=O)Nc2cncc3ccccc23)C1,1.0
C[C@H](C(=O)Nc1cncnc1)c1ccccc1,0.0
CS(=O)(=O)N1CCc2ccc(CN3CCN(C(=O)CCl)CC3)cc2C1,0.0
O=C(NCCc1ccccc1)[C@H]1CN(C(=O)CCl)CCN1S(=O)(=O)c1ccsc1,1.0
O=C(Nc1cncc2ccccc12)C1(CCC2CC2)CCOc2ccc(Cl)cc21,0.0
O=C(Cc1cccc(Cl)c1)Nc1cnc2n1CCCC2,0.0
COc1ccc2cncc(NC(=O)[C@@]3(OC)CCOc4ccc(Cl)cc43)c2c1,1.0
CNS(=O)(=O)c1ccc2cncc(NC(=O)C3(OC)CCOc4ccc(Cl)cc43)c2c1,1.0
CS(=O)(=O)c1ccc(N(C(=O)c2cocn2)C(C(=O)NCCc2cccc(F)c2)c2cccnc2)cc1,0.0
COc1cc(Br)ccc1Nc1cc(Cl)cc(CC(=O)Nc2cncc3ccccc23)c1,1.0
NCc1cn(CC(=O)N(Cc2ccsc2)c2ccc(-c3ccccc3)cc2)nn1,0.0
COc1ccc(Cl)cc1CC(=O)Nc1cncc2ccccc12,1.0
COc1ccc2c(NC(=O)Cc3cccc(Cl)c3)[nH]nc2c1,0.0
N#CC1(CS(=O)(=O)N2Cc3ccc(Cl)cc3C(C(=O)Nc3cncc4ccccc34)C2)CC1,1.0
O=C(NCc1ccccn1)[C@H]1CN(C(=O)CCl)CCN1S(=O)(=O)c1ccsc1,1.0
CNC(=O)CN1CC(C)(C(=O)Nc2cncc3ccccc23)c2cc(Cl)ccc2C1=O,1.0
Cc1cc(N2CCC(C)N(Cc3ccccc3)CC2)n2ncnc2n1,0.0
COc1cccc(Oc2cc(Cl)cc(NC(=O)Cc3cncc4ccccc34)c2)n1,1.0
O=C1N(c2cncc3ccccc23)CCC12CN(S(=O)(=O)CC1CS(=O)(=O)C1)Cc1ccc(Cl)cc12,1.0
CC(CCc1ccccc1)N1CCN(C(=O)CCl)CC1,0.0
O=C(Nc1cncc2ccccc12)C1(CNCc2cnn(C3CCS(=O)(=O)C3)c2)CCOc2ccc(Cl)cc21,0.0
O=C(c1cncc2ccccc12)N1CCN(c2cccc(Cl)c2)CC1,1.0
COc1ccncc1NC(=O)Cc1cccc(Cl)c1,0.0
CN(C)S(=O)(=O)c1cccc(C(=O)Nc2c(-c3ccccc3)nc3sccn23)c1,0.0
NC(=O)N1CCC(C(=O)Nc2cncc3ccccc23)c2cc(Cl)ccc21,1.0
O=C(Cc1cccc(Cl)c1)Nc1c[nH]c2ccccc12,0.0
O=C(Cc1cc(F)cc(Cl)c1)Nc1cncc2ccccc12,1.0
Cn1c(-c2ccc(NC(=O)C3CCCCC(=O)N3)cc2)nc2ccccc21,0.0
O=C(NCCc1cccc(F)c1)C(c1cccnc1)N(C(=O)c1cocn1)c1ccc2nc(C(F)(F)F)[nH]c2c1,0.0
O=C(Nc1cncc2ccccc12)[C@H]1CCOc2ccc(Cl)cc21,0.0
O=C(c1cc(F)cc(F)c1)N1CCOc2cc(O)ccc2C1,0.0
COc1ccc(N(C(=O)c2ccco2)C(C(=O)NCCc2cccc(F)c2)c2cccnc2)cc1OCCO,0.0
O=C(Nc1cncc2cnccc12)[C@H]1CCOc2ccc(Cl)cc21,1.0
COC(=O)C(C(=O)Nc1cnccc1C)c1cccc(Cl)c1,0.0
O=C(CCl)N1CCN(Cc2cccc3ccccc23)CC1,1.0
N#Cc1cccc(NC(=O)Nc2c[nH]c3ncccc23)c1,0.0
N#CC1(CS(=O)(=O)N2Cc3ccc(Cl)cc3[C@@H](C(=O)Nc3cncc4ccccc34)C2)CC1,1.0
N#Cc1nccn1CCc1cccc(Cl)c1,0.0
CN(C)c1ccc(C(Cc2ccsc2)C(=O)Nn2cnc3ccccc32)cc1,0.0
O=C(Cc1cncc2ccccc12)Nc1ccccc1,0.0
C=CC(=O)N(C(=O)[C@@H]1CCOc2ccc(Cl)cc21)c1cncc2ccccc12,1.0
Cn1c(NC(=O)Cc2csc3nccn23)nc2ccc(F)cc21,0.0
O=C(Cn1nnc2ccccc21)N(Cc1cccc(Cl)c1)c1ccc(N2CCCCC2)cc1,1.0
COCC1(C(=O)Nc2cncc3ccccc23)CCOc2cc(Cl)c(Cl)cc21,0.0
CNC(=O)C1(N2CC3(CCN(c4cncc5ccccc45)C3=O)c3cc(Cl)ccc3C2=O)CC1,1.0
Cc1cc2ncc(C(=O)Nc3ccc4oc(C)nc4c3)c(C)n2n1,0.0
COc1cc(O)c(CC=C(C)C)c(O)c1C(=O)/C=C/c1ccc(O)cc1,0.0
OC[C@H]1O[C@H](S[Au])[C@H](O)[C@@H](O)[C@@H]1O,0.0
CNC(=O)CN1Cc2ccc(Cl)cc2[C@H](C(=O)Nc2cncc3ccccc23)C1,0.0
O=C(Nc1cncc2ccc(F)cc12)C1CCOc2cc(F)c(Cl)cc21,1.0
O=C1NCC(C(=O)Nc2cnn3ccccc23)c2cc(Cl)ccc21,1.0
O=C(CCl)N1CCN(S(=O)(=O)c2ccc(Cc3cccc4ccccc34)cc2)CC1,0.0
O=C(Cc1cc(Cl)cc(Oc2cccnc2)c1)Nc1cncc2ccccc12,1.0
C=CC(=O)N(C(=O)C1COc2ccc(Cl)cc21)c1cncc2ccccc12,1.0
O=C1CC2(CCOc3ccc(Cl)cc32)CN1c1cncc2ccccc12,1.0
O=C(NCCc1cccc(F)c1)C(c1cccnc1)N(C(=O)c1c[nH]cn1)c1ccc2c(c1)CCC(=O)N2CC(F)F,0.0
Cn1c(=O)[nH]c(=O)c2ccc(C(=O)N(c3ccc(C(C)(C)C)cc3)C(C(=O)NCCc3cccc(F)c3)c3cccnc3)nc21,0.0
O=C(Cc1cccc(Cl)c1)Nc1ncn2ccccc12,0.0
Cn1ncc(S(=O)(=O)N2Cc3ccc(Cl)cc3C(C(=O)Nc3cncc4ccccc34)C2)n1,1.0
O=C(CCl)N1CCN(S(=O)(=O)C2=CC[SH]=C2)CC1,1.0
O=C(Nc1cnccc1CO)[C@@H]1COc2ccc(Cl)cc21,0.0
O=C1CC(C(=O)Nc2cncc3ccccc23)c2cc(Br)ccc2N1,1.0
COc1ccc(OC)c(CNC(=O)Nc2cn(C)c(=O)c3ccccc23)c1,0.0
CNC(=O)CN1CC(C(=O)Nc2cncc3ccc(S(C)(=O)=O)cc23)c2cc(Cl)ccc2C1=O,1.0
O=C(CCl)N1CCN(S(=O)(=O)c2ccccc2)CC1,1.0
O=C(Cc1cccc(Cl)c1)Nc1cnccc1C(F)(F)F,0.0
CNC(=O)CN1Cc2ccc(Cl)cc2C2(CCN(c3cncc4ccc(F)cc34)C2=O)C1,1.0
Cc1csc2ncc(C(=O)Nc3cccc4ncccc34)c(=O)n12,0.0
N#CC1(CS(=O)(=O)N2Cc3ccc(Cl)cc3C3(CCN(c4cncc5ccccc45)C3=O)C2)CCS(=O)(=O)CC1,1.0
O=C(NCCc1cccc(F)c1)C(c1cccnc1)N(C(=O)c1cocn1)c1cn(Cc2ccccc2)cn1,0.0
Cn1c(NCc2cn3ccnc3s2)nc2ccccc21,0.0
NC(C(=O)Nc1cncc2ccccc12)c1ccc(Cl)c(Cl)c1,1.0
CC(C)(C)c1ccc(N(C(=O)c2cocn2)C(C(=O)NC2COC2)c2cccnc2)cc1,1.0
O=C(CN1CC(C(=O)Nc2cncc3ccccc23)c2cc(Cl)ccc2C1=O)NCC1CCC1,1.0
CC(C)CN1CC(C)(C(=O)Nc2cncc3ccccc23)c2cc(Cl)ccc2S1(=O)=O,1.0
CC(C)(C)c1ccc(N(C(=O)c2cc(=O)[nH][nH]2)C(C(=O)NCCc2cccc(F)c2)c2cccnc2)cc1,0.0
COCCN1CCc2ccc(Cl)cc2C1C(=O)Nc1cncc2ccccc12,1.0
O=C(Nc1cccnc1)[C@@H](c1ccccc1)N1Cc2ccccc2C1=O,0.0
O=C(Cn1ncn2nccc2c1=O)NC(C(=O)Nc1cncc2ccccc12)c1cccc(Cl)c1,0.0
Cc1sc2ncnc(N3CCc4c(ncn4C4CC4)C3)c2c1C,0.0
CNC(=O)CN1C[C@@H](C(=O)Nc2cncc3cc(Cl)ccc23)c2cc(Cl)ccc2C1=O,1.0
Cn1ncc2cncc(NC(=O)C3CN(S(=O)(=O)CC4(C#N)CC4)Cc4ccc(Cl)cc43)c21,1.0
CC(C)(C)c1ccc(N(C(=O)c2cocn2)C(C(=O)NCCc2cccc(F)c2)c2cc(=O)[nH]c3ccccc23)cc1,1.0
O=C(Nc1cncc2[nH]c(=O)[nH]c12)C1CCOc2ccc(Cl)cc21,0.0
CCP(CC)(CC)=[Au]S[C@@H]1O[C@H](COC(C)=O)[C@@H](OC(C)=O)[C@H](OC(C)=O)[C@H]1OC(C)=O,1.0
O=C(CN1CC(C(=O)Nc2cncc3ccccc23)c2cc(Cl)ccc2C1=O)NCC1CC1,1.0
CC(C)(C)c1ccc(N(C(=O)c2nnc(S)[nH]c2=O)C(C(=O)NCCc2cccc(F)c2)c2cccnc2)cc1,0.0
COC(=O)[C@@H]1C[C@@H](NC(=O)C(c2cccnc2)N(C(=O)c2cocn2)c2ccc(C(C)(C)C)cc2)CN1C(=O)OC(C)(C)C,1.0
O=C(O)[C@@H](c1ccccc1)N1Cc2ccccc2C1=O,1.0
Cc1nc2ccc(NCc3cnc4ccccn34)cn2n1,0.0
CO[C@@]1(C(=O)Nc2cncc3ccc(F)cc23)CCOc2ccc(Cl)cc21,1.0
COc1cc(Cl)cc(CC(=O)Nc2cnccc2C)c1,0.0
COc1cc2cncc(NC(=O)Cc3cccc(Cl)c3)c2cc1OC,0.0
Cc1ccncc1CC(=O)Nc1cccc(Cl)c1,0.0
Cc1ccc(S(=O)(=O)N2CCN(C(=O)CCl)C[C@H]2C(=O)NC2CCCCC2)cc1,1.0
COc1ccc(N(C(=O)c2c[nH]cn2)C(C(=O)NCCc2cccc(F)c2)c2cccnc2)cc1,0.0
CN(C)c1ncc(C(C(=O)NCCc2cccc(F)c2)N(C(=O)c2cocn2)c2ccc(C(C)(C)C)cc2)cn1,0.0
O=C(Nc1cncc2ccncc12)[C@H]1CCOc2ccc(Cl)cc21,1.0
Cc1nc(CN2C(=O)C(=O)c3cc(Br)ccc32)cs1,0.0
O=C(Nc1cncc2ccccc12)C1CN(S(=O)(=O)[C@@H]2CCC[C@H]2O)Cc2ccc(Cl)cc21,1.0
CS(=O)(=O)Nc1ccc2cncc(NC(=O)C3CNC(=O)c4ccc(Cl)cc43)c2c1,1.0
N#Cc1cc(CN2CCN(C(=O)CCl)CC2)c2ccccc2c1,1.0
CC(=O)NCCc1c[nH]c2c(CN3CCN(C(=O)CCl)CC3)cccc12,0.0
C=CC(=O)NCc1ccc(C(=O)NCc2cc(C)cc3c(C)c(C)[nH]c23)cc1,0.0
O=C(NCCCO)c1ccc(N(C(=O)c2cocn2)C(C(=O)NCCc2cccc(F)c2)c2cccnc2)cc1,0.0
CC1(C)OB(c2cnc(C#N)nc2)OC1(C)C,0.0
O=C1N(c2cncc3ccccc23)CCCC12CCNc1ccc(Cl)cc12,1.0
COC1(CS(=O)(=O)N2Cc3ccc(Cl)cc3[C@H](C(=O)Nc3cncc4ccccc34)C2)CC1,1.0
CN(CCC#N)S(=O)(=O)N1Cc2ccc(Cl)cc2C2(CCN(c3cncc4ccccc34)C2=O)C1,1.0
Cc1nc2c(NC(=O)C3CCOc4ccc(Cl)cc43)cncc2s1,1.0
Cc1cc2c(N)nc(=O)n(CC(=O)Nc3cccc(Cl)c3)c2s1,0.0
O=C(Cc1cccc(Cl)c1)Nc1cncc2cc(OCCN3CCCC3)ccc12,1.0
O=C(CCl)N1CCN(Cc2cnc(Cc3ccccc3)s2)CC1,0.0
O=C(Nc1cccc(F)c1)[C@@H](c1ccccc1)N1Cc2ccccc2C1=O,0.0
CC(C)(C)c1ccc(N(C(=O)c2cocn2)C(C(=O)NCCc2cccc(F)c2)c2cnccn2)cc1,1.0
Cc1ccncc1NC(=O)[C@@H]1CCOc2ccc(Cl)cc21,0.0
Cn1ccc(C(=O)NC[C@@H]2CCCO2)n1,0.0
N#Cc1cnn(C(=O)c2cccs2)c1C1CC1,1.0
O=C(Nc1cncc2ccc(F)cc12)[C@H]1CCNc2cc(Cl)c(Cl)cc21,1.0
CC(C)(C)c1ccc(N(C(=O)c2ccc(=O)[nH]n2)C(C(=O)NCCc2cccc(F)c2)c2cccnc2)cc1,0.0
C=CC(=O)N(c1ccc(C(C)(C)C)cc1)C(C(=O)NCc1ccccc1)c1cccnc1,0.0
Cc1ccncc1N(CC#N)C(=O)Cc1cccc(Cl)c1,0.0
O=C(Nc1cncc2ccccc12)C1CN(S(=O)(=O)CC2(F)CC2)Cc2ccc(Cl)cc21,1.0
CS(=O)(=O)NCC1(C(=O)Nc2cncc3ccccc23)CCOc2ccc(Cl)cc21,1.0
O=C1N(Cc2cccc(Cl)c2)CCN1c1nccc2[nH]ncc12,1.0
COc1ccc2cncc(NC(=O)C3CCNc4cc(Cl)c(Cl)cc43)c2c1,1.0
O=C1N(c2cncc3ccccc23)CCC12CN(S(=O)(=O)CC1(C(F)F)CC1)Cc1ccc(Cl)cc12,1.0
O=C(NCCc1cccc(F)c1)C(c1cccnc1)N(C(=O)c1cnc[nH]1)C1CCN(c2ccccc2)C1,0.0
O=C(Cc1ccsc1)N1CCN(c2cc(-c3cccs3)n[nH]2)CC1,0.0
CN(CC#N)S(=O)(=O)N1Cc2ccc(Cl)cc2C2(CCN(c3cncc4ccccc34)C2=O)C1,1.0
Clc1cccc2c1OCCC2Nc1ncccn1,0.0
CC(C)(C)c1ccc(N(C(=O)CCC#N)C(C(=O)NCCc2cccc(F)c2)c2cccnc2)cc1,1.0
O=C(Nc1cncc2ccccc12)[C@H]1CCNc2ccc(Cl)cc21,0.0
O=C1CCCN1Cc1cccc(C(=O)N2CCC(C3CCNC3)CC2)c1,0.0
COc1cc(C)ccc1N(C(=O)c1ccco1)C(C(=O)NCCc1cccc(F)c1)c1cccnc1,0.0
CN1CC[C@@H](C(=O)Nc2cncc3ccccc23)c2cc(Cl)ccc21,0.0
COC(=O)c1cnc(Cn2ccc(CNCC3(C(=O)Nc4cncc5ccccc45)CCOc4ccc(Cl)cc43)n2)cn1,1.0
O=C(Nc1nncn1C1CC1)C1CCOc2ccccc21,0.0
O=C(c1ccc2nnnn2c1)N1CCn2c(cc3ccccc32)C1,0.0
CC(C)(C)[C@H](NC(=O)C(F)(F)F)C(=O)N1C[C@H]2[C@@H]([C@H]1C(=O)N[C@H](C#N)C[C@@H]1CCNC1=O)C2(C)C,1.0
COc1ccc(C2CC(c3ccccc3)=NN2C(=O)CCl)cc1OC,1.0
C=CC(=O)N(c1ccc(C(C)(C)C)cc1)C(C(=O)NC)c1cccnc1,0.0
COC(=O)N1Cc2ccc(Cl)cc2C(C(=O)Nc2cncc3ccccc23)C1,1.0
O=C(Nc1cncc2c1CCCC2)C1CCNc2cc(Cl)c(Cl)cc21,1.0
O=C(Nc1cncc2ccccc12)C1CNS(=O)(=O)c2ccc(Cl)cc21,1.0
COc1ccccc1OC1CCN(C(=O)c2cc(=O)[nH]c3ccccc23)C1,0.0
O=C(Cc1ccc(Cl)c(Cl)c1)Nc1cncc2cnccc12,1.0
CC1CN(CCO)CCN1C(=O)CC1(C(=O)Nc2cncc3ccccc23)CCOc2ccc(Cl)cc21,0.0
O=C(Cc1cccc(Cl)c1)Nc1cncc2sccc12,1.0
CN1CCN(c2ccc(F)cc2C(=O)N2CCC(C3CCNC3)CC2)CC1,0.0
N#CC1(CS(=O)(=O)N2Cc3ccc(Cl)cc3C3(CCN(c4cncc5ccccc45)C3=O)C2)CCOCC1,1.0
O=C(Nc1c[nH]c(=O)c2ccccc12)C1CCOc2ccc(Cl)cc21,0.0
CN(C1CC1)S(=O)(=O)N1Cc2ccc(Cl)cc2C(C(=O)Nc2cncc3ccccc23)C1,1.0
Cc1ccc(CC(=O)Nc2cncc3ccccc23)cc1,0.0
Cc1ccc(S(=O)(=O)NCC(=O)N2CCC(NS(N)(=O)=O)CC2)cc1,0.0
N#Cc1ncc(Br)cn1,0.0
O=C(Cc1cccc(Cl)c1)Nc1cncc2ccccc12,1.0
O=C(Cc1ccc(Cl)cn1)Nc1cncc2ccccc12,0.0
O=C(Cc1cc(Cl)cc(OC2CC(=O)N2)c1)Nc1cc(=O)[nH]c2ccccc12,0.0
CCC1(C(=O)Nc2cncc3ccccc23)CNS(=O)(=O)c2ccc(Cl)cc21,1.0
CN1CC(C(=O)Nc2cncc3ccccc23)c2cc(Cl)ccc2C1=O,1.0
O=C(Cc1cccc(Cl)c1)N1CC(O)Cc2ccccc21,0.0
O=C(Nc1cncc2ccc(CN3CCNCC3)cc12)C1CCOc2ccc(Cl)cc21,1.0
COc1cc(N(C(=O)c2cocn2)C(C(=O)NCCc2cccc(F)c2)c2cccnc2)ccc1S(=O)(=O)N(C)C,0.0
Cc1cc(NC(=O)Nc2cn(CC(C)C)c(=O)c3ccccc23)no1,0.0
CO[C@@]1(C(=O)Nc2cncc3ccc(F)cc23)CCOc2ccc(Cl)cc21,1.0
Cc1csc2ncc(C(=O)N3C4CCC3c3ccccc34)c(=O)n12,0.0
Cn1ncc2cc(C(=O)NNc3nc4cccnc4s3)cnc21,0.0
N#Cc1ncc(Cl)cn1,0.0
O=C(C[C@@]1(C(=O)Nc2cncc3ccccc23)CCOc2ccc(Cl)cc21)N1CCN(CCCO)CC1,0.0
Cc1cc(F)cc2cncc(NC(=O)Cc3cccc(Cl)c3)c12,1.0
CC1=C[C@@H](c2c(O)cc(-c3cc4ccc(O)cc4o3)cc2O)[C@@H](C(=O)c2ccc(O)cc2O)[C@H](c2ccc(O)cc2O)C1,0.0
COCCCNCC1(C(=O)Nc2cncc3ccccc23)CCOc2ccc(Cl)cc21,0.0
COCCNC(=O)C(c1cccnc1)N(C(=O)c1cocn1)c1ccc(C(C)(C)C)cc1,1.0
COCC(=O)NC(C)(C(=O)Nc1cncc2ccccc12)c1ccc(Cl)c(Cl)c1,1.0
CC(=O)NC(C(=O)Nc1cncc2ccccc12)c1cccc(Cl)c1,1.0
O=c1[nH]c2ccc(-c3csc(NCc4ccc(F)cc4)n3)cc2o1,0.0
C=CC(=O)N(C(=O)C1CCOc2ccc(Cl)cc21)c1cncc2ccccc12,1.0
COCc1csc(N(C(=O)c2cocn2)C(C(=O)NCCc2cccc(F)c2)c2cccnc2)n1,0.0
N#CCS(=O)(=O)N1Cc2ccc(Cl)cc2C(C(=O)Nc2cncc3ccccc23)C1,1.0
Cc1ccccc1C(C)NC(C)C(=O)Nc1ccc2[nH]c(=O)[nH]c2c1,0.0
CC(C(=O)OC1CCCN(Cc2cccc(C(F)(F)F)c2)C1=O)n1cnc(C#N)n1,1.0
N#CC1(CS(=O)(=O)N2Cc3ccc(Cl)cc3[C@H](C(=O)Nc3cncc4ccccc34)C2)CCOCC1,1.0
CN(C(=O)Cn1nnc2ccccc21)c1ccc(Oc2ccc(C(F)(F)F)cn2)cc1,0.0
Cc1ccc(CN2CCC(CNC(=O)Nc3cn(CC(C)C)c(=O)c4ccccc34)C2)cc1,0.0
N#Cc1cccc(CC(=O)Nc2cncc3ccccc23)c1,1.0
Cc1nc2ccc(NC(=O)NCc3ccc4[nH]c(=O)[nH]c4c3)cc2o1,0.0
C[C@H]1COc2ccc(Cl)cc2[C@H]1C(=O)Nc1cncc2ccccc12,0.0
O=C(Cc1cccc(Cl)c1)Nc1[nH]nc2cccnc12,0.0
COC(=O)c1sccc1NC(=O)Nc1cn(CC(C)C)c(=O)c2ccccc12,0.0
O=C(Cc1cccc(Cl)c1)Nn1cnc2ccccc2c1=O,0.0
Cc1ccncc1NC(=O)Cc1cc(Cl)cc(NS(N)(=O)=O)c1,0.0
O=C(NCCc1cccc(F)c1)C(c1cccnc1)N(C(=O)c1cocn1)C1COc2cc(F)ccc21,0.0
CC(C)(C)c1ccc(N(C(=O)c2cnon2)C(C(=O)NCCc2cccc(F)c2)c2cccnc2)cc1,1.0
N#CCNC(=O)CN1Cc2ccc(Cl)cc2C2(CCN(c3cncc4ccccc34)C2=O)C1,1.0
CCCNC(=O)CN1CC(C(=O)Nc2cncc3cc(F)ccc23)c2cc(Cl)ccc2C1=O,1.0
Cn1cc(CN(C(=O)Cn2nnc3ccccc32)c2ccc(N3CCCCC3)cc2)cn1,0.0
Cc1nc(C2CCN(C(=O)c3ccc(Br)cc3)CC2)n[nH]1,0.0
CCNC(=O)CN1CC(C(=O)Nc2cncc3cc(F)ccc23)c2cc(Cl)ccc2C1=O,1.0
O=C(Nc1cncc2ccccc12)C1CN(S(=O)(=O)CC2CC2)Cc2ccc(Cl)cc21,1.0
Cn1nc(C(C(=O)NCCc2cccc(F)c2)N(C(=O)c2ccco2)c2ccc(C(C)(C)C)cc2)c2ccccc21,0.0
Cn1c(CNCC2(C(=O)Nc3cncc4ccccc34)CCOc3ccc(Cl)cc32)nc2c1c(=O)[nH]c(=O)n2C,0.0
CC1CCN(S(=O)(=O)N2Cc3ccc(Cl)cc3C(C(=O)Nc3cncc4ccccc34)C2)C1,1.0
O=C(NCCc1cccc(F)c1)C(c1cccnc1)N(Cc1ccccc1)C(=O)c1ccco1,0.0
CS(=O)(=O)CCN1CC(C(=O)Nc2cncc3ccccc23)c2cc(Cl)ccc2C1=O,1.0
CC(C)(C)c1ccc(N(C(=O)c2cocn2)C(C(=O)NCc2cccnc2)c2cccnc2)cc1,0.0
O=C(NCCc1cccc(F)c1)C(c1cccnc1)N(C(=O)c1cocn1)C1CCc2ccccc21,0.0
COC1CCC2OCCN(C(=O)c3ccc4[nH]cnc4c3)C2C1,0.0
Cn1cncc1C(=O)N1Cc2ccc(Cl)cc2C(C(=O)Nc2cncc3ccccc23)C1,1.0
O=C(Cn1cnc2ccccc21)Nc1cccc(Cl)c1,0.0
CN(C)c1ccc(N(Cc2ccsc2)C(=O)Cn2nnc3ccccc32)cc1,1.0
CC(C(=O)NS(=O)(=O)c1cnn(-c2cccc(C(F)(F)F)c2)c1)n1cnc(C#N)n1,0.0
O=C(NC[C@@]1(C(=O)Nc2cncc3ccccc23)CCOc2ccc(Cl)cc21)[C@]1(O)CCSC1,1.0
Cc1cccc2cncc(NC(=O)Cc3cccc(Cl)c3)c12,1.0
CCCc1cc2c(cc1S(=O)(=O)N1CCN(c3ncccn3)CC1)OCO2,0.0
O=C(Nc1c[nH]nc1-c1ccccn1)c1cccc2nccn12,0.0
Cc1cc(NC(=O)C2CCOc3ccc(Cl)cc32)ncc1N,0.0
O=C(Cn1ccc(=O)[nH]c1=O)N1CCN(c2ccccc2O)CC1,0.0
O=C(Nc1cncc2ccccc12)C12CCC(O1)c1cc(Cl)ccc12,1.0
COC1(C(=O)Nc2cncc3ccc(F)cc23)CCOc2ccc(Cl)cc21,1.0
O=C(Cc1cccc(Cl)c1)NC1COCc2ccccc21,0.0
COC(=O)c1c(NCCCc2ccccc2)c2cc(F)ccc2[nH]c1=O,0.0
CCCc1c(C)[nH]c2[nH]n(-c3ccccc3)c(=O)c2c1=O,0.0
CN(C)C(=O)C[C@]1(C(=O)Nc2cncc3ccccc23)CCOc2ccc(Cl)cc21,1.0
O=C(C[C@]1(C(=O)Nc2cncc3ccccc23)CCOc2ccc(Cl)cc21)N1CCN(C2CCOC2)CC1,1.0
CS(=O)(=O)N1Cc2ccc(Cl)cc2C(C(=O)Nc2cncc3ccccc23)C1,1.0
Cc1nc(N2CCN(S(=O)(=O)c3ccccc3)CC2)sc1S(N)(=O)=O,0.0
O=C(NCCc1cccc(F)c1)C(c1cccnc1)N(C(=O)c1ccco1)[C@H]1C[C@H](c2cc(F)cc(F)c2)C1,0.0
O=C(Nn1nnc2ccccc21)C(Cc1cccc(Cl)c1)c1ccc(N2CCCCC2=O)cc1,0.0
O=C(CC1(C(=O)Nc2cncc3ccccc23)CCOc2ccc(Cl)cc21)N1CCCCC1c1cc[nH]n1,1.0
O=C(Cc1ccc(C(F)(F)F)cc1)Nc1cncc2ccccc12,0.0
Cn1cc(NC(=O)N(Cc2ccco2)CC2CCCO2)c2ccccc2c1=O,0.0
O=C(NCCc1cccc(F)c1)C(c1cccnc1)N(C(=O)c1cocn1)C1CCC2(CCO2)CC1,0.0
CCOC(=O)CCNC(=O)C(c1cccnc1)N(C(=O)c1cocn1)c1ccc(C(C)(C)C)cc1,1.0
COC(=O)C(c1ccccc1Cl)N1CCC(S)/C(=C/C(=O)O)C1,0.0
CNC(=O)C(C)(C)N1CC(C(=O)Nc2cncc3ccccc23)c2cc(Cl)ccc2C1=O,1.0
Cc1c(N)cncc1NC(=O)Cc1cccc(Cl)c1,1.0
COC(OC)C(=O)N1CCN(Cc2cccc(Cl)c2)CC1,0.0
O=C(Cc1cccc(Cl)c1)Nc1noc2ncccc12,0.0
O=C(Cc1cccc(C(F)(F)F)c1)Nc1cncc2ccccc12,1.0
O=C(Nc1cccc2cc[nH]c12)c1cccc2[nH]c(=O)oc12,0.0
CS(=O)(=O)CC1(C(=O)Nc2cncc3ccccc23)CCOc2ccc(Cl)cc21,0.0
COc1ccc(C(Cc2ccsc2)C(=O)Nc2n[nH]c3ccccc23)cc1,0.0
O=C(Cc1cc(Cl)cc(OC2CCC(=O)N2)c1)Nc1cncc2ccccc12,0.0
O=c1oc(Nc2ccccc2)nc2ccccc12,1.0
Cc1ccncc1NC(=O)Cc1cc(Cl)cc(CNS(C)(=O)=O)c1,0.0
CNC(=O)CN1C[C@H](C(=O)Nc2cncc3ccccc23)c2cc(Cl)ccc2C1=O,1.0
O=C(Nc1cncc2ccccc12)[C@H]1CN(S(=O)(=O)CC2CS(=O)(=O)C2)Cc2ccc(Cl)cc21,1.0
CN1CCn2nc(C(=O)N(c3ccc(C(C)(C)C)cc3)C(C(=O)NCCc3cccc(F)c3)c3cccnc3)cc2S1(=O)=O,0.0
CC(C)C(NC(=O)[C@H](CC(=O)O)NC(=O)[C@H](CCCCN)NC(=O)[C@@H](N)CCCN=C(N)N)C(=O)N[C@@H](Cc1ccc(O)cc1)C(=O)O,0.0
COCCN1CCC(C(=O)Nc2cncc3ccccc23)c2cc(Cl)ccc21,1.0
Cn1ccc2cc(N(C(=O)c3cocn3)C(C(=O)NCCc3cccc(F)c3)c3cccnc3)ccc21,0.0
NC(=O)C1Cc2[nH]cnc2CN1C(=O)CC1(C(=O)Nc2cncc3ccccc23)CCOc2ccc(Cl)cc21,1.0
O=C(Nc1cnc2ccccn12)C1CCNc2cc(Cl)c(Cl)cc21,1.0
O=C(Cc1cccc(Cl)c1)Nc1cncc2[nH]ncc12,0.0
Cc1nc2n(n1)CC(C(=O)NC(C(=O)Nc1cncc3ccccc13)c1cccc(Cl)c1)CC2,1.0
CN(C)c1ccc(N(Cc2ccccc2)C(=O)Cn2nnc3ccccc32)cc1,1.0
C=CC(=O)NCC(=O)N(Cc1ccccc1)C[C@H](O)c1cccs1,0.0
C=CC(=O)N(c1ccc(C(C)(C)C)cc1)C(C(=O)NC(C)(C)C)c1cccnc1,0.0
O=C(CCl)N1CCCc2cc(NCc3ccc(F)cc3Cl)ccc21,0.0
CNC(=O)C1(N2CC3(CCN(c4cncc5cc(S(C)(=O)=O)ccc45)C3=O)c3cc(Cl)ccc3C2=O)CC1,1.0
O=C(Cc1cccc(Cl)c1)Nc1cncn2cnnc12,0.0
O=C(Nc1cncc2ccccc12)C(NC(=O)[C@H]1CC[C@@H](C(=O)N2CCCC2)O1)c1cccc(Cl)c1,0.0
O=C(CCl)N1CCN(Cc2cc(O)ccc2O)CC1,0.0
CCC(C)c1ccc(C(NCC(=O)Nc2ccc3[nH]c(=O)[nH]c3c2)c2cccs2)cc1,0.0
Cn1ccnc1CN(C(=O)CC1(C(=O)Nc2cncc3ccccc23)CCOc2ccc(Cl)cc21)C1CC1,1.0
CCOC1CC2(C1)CC2N(C(=O)c1ccco1)C(C(=O)NCCc1cccc(F)c1)c1cccnc1,0.0
Cc1cc(C(F)(F)F)nc2n[nH]c(NC(=O)Cc3cccc(Cl)c3)c12,0.0
O=C(Nc1cncc2ccc(CN3CC4(CNC4)C3)cc12)C1CCOc2ccc(Cl)cc21,1.0
Cn1cc(C(=O)N(c2ccc(C(C)(C)C)cc2)C(C(=O)NCCc2cccc(F)c2)c2cccnc2)ncc1=O,0.0
O=C1C(Nc2ncnc3[nH]cnc23)CCN1Cc1ccccc1,0.0
Cc1cccc(C)c1NC(=O)[C@@H]1CN(C(=O)CCl)CCN1S(=O)(=O)c1ccsc1,1.0
Cn1cc(C(C(=O)NCCc2cccc(F)c2)N(C(=O)c2cocn2)c2ccc(C(C)(C)C)cc2)ccc1=O,0.0
COc1ccccc1OCCNC(=O)c1cc(=O)[nH]c2cccc(OC)c12,1.0
CC1CC(CCN(C(=O)c2ccco2)C(C(=O)NCCc2cccc(F)c2)c2cccnc2)CC(C)(C)C1,0.0
CN(C)CCOc1ccc2cncc(NC(=O)C3CN(S(=O)(=O)CC4(C)CS(=O)(=O)C4)Cc4ccc(Cl)cc43)c2c1,1.0
N#Cc1cccc(NC(=O)Nc2cncc(N)c2)c1,0.0
O=C(NCC(=O)N1CCCC1c1nc2ccccc2[nH]1)C1CCCC1,0.0
Cn1nncc1C(=O)N(c1ccc(C(C)(C)C)cc1)C(C(=O)NCCc1cccc(F)c1)c1cccnc1,0.0
CS(=O)(=O)c1ccc2c(NC(=O)C3CN(S(=O)(=O)CC4(C#N)CC4)Cc4ccc(Cl)cc43)cncc2c1,1.0
COC(=O)C1CC(NC(=O)C(c2cccnc2)N(C(=O)c2cocn2)c2ccc(C(C)(C)C)cc2)C1,1.0
O=C(Cc1ccc(Cl)c(Cl)c1)Nc1cncc2ccccc12,1.0
CC(C)NC(=O)CN1CC(C(=O)Nc2cncc3cc(F)ccc23)c2cc(Cl)ccc2C1=O,1.0
Cc1c(N)cncc1NC(=O)Cc1cccc(C#N)c1,0.0
Cc1ccncc1NC(=O)Cc1cc(Cl)cc(-c2ccc(C)c(F)c2F)c1,0.0
N#CC1(CS(=O)(=O)N2Cc3ccc(Cl)cc3C(C(=O)Nc3cncc4ccccc34)C2)CCCC1,1.0
O=C(Nc1cncc2ccccc12)N1CCOc2ccc(Cl)cc21,0.0
N#CCN1Cc2ccc(Cl)cc2C(C(=O)Nc2cncc3ccccc23)C1,1.0
CN1CC(C)(C(=O)Nc2cncc3cc(S(C)(=O)=O)ccc23)c2cc(Cl)ccc2S1(=O)=O,1.0
CN1CC[C@H](C(=O)Nc2cncc3ccccc23)c2cc(Cl)ccc21,1.0
CS(=O)(=O)Nc1ccc2cncc(NC(=O)C3CCS(=O)(=O)c4ccc(Cl)cc43)c2c1,1.0
O=C(c1cncc2ccccc12)N1CCN(c2ccccc2)CC1,1.0
COc1ccccc1OCCNC(=O)c1cc(=O)[nH]c2cccc(F)c12,1.0
CCOC(=O)c1ccc(NC(=O)CC2SC(=O)N(c3ccccc3)C2=O)cc1,1.0
CC(=O)N1CCN(CC(=O)Nc2cnccc2C)CC1,0.0
CC(=O)N1CCC(C(=O)Nc2cncc3ccccc23)c2cc(Cl)ccc21,1.0
O=C1C(c2cccc(Cl)c2)CCCN1c1cncc2ccccc12,1.0
CN(C)S(=O)(=O)N1Cc2ccc(Cl)cc2C(C(=O)Nc2cncc3ccccc23)C1,1.0
Cc1ccncc1OCCNC(=O)C(C)(C)c1cccc(Cl)c1,0.0
O=C(Cn1nnc2ccccc21)N(CC1CCOC1)c1ccc(C2CCNCC2)cc1,0.0
CO[C@@]1(C(=O)Nc2cncc3ccccc23)CCOc2c(F)cc(F)cc21,1.0
O=C(Cc1c[nH]c2cc(Cl)ccc12)Nc1cccc2[nH]c(=O)[nH]c12,0.0
Cc1ccc(OCCN2C(=O)C(=O)c3cccc(Cl)c32)cc1,1.0
CC(NCc1cnc2ccccn12)c1nnc2ccccn12,0.0
CC(C)(C)c1ccc(N(C(=O)c2cocn2)C(C(=O)NC2CC(F)(F)C2)c2cccnc2)cc1,1.0
CNC(=O)CN1CC2(CCN(c3cncc4cc(F)ccc34)C2=O)c2cc(Cl)ccc2C1=O,1.0
Cc1ccncc1NC(=O)Cc1cccc(I)c1,0.0
CNC(=O)CN1Cc2ccc(Cl)cc2C(C(=O)Nc2cncc3cc(COC)ccc23)C1,1.0
CC(C)(C)c1ccc(N(C(=O)c2sc(N3CCOCC3)nc2Cl)C(C(=O)NCCc2cccc(F)c2)c2cccnc2)cc1,0.0
CC(c1ccccc1)N(C(=O)c1cnc[nH]1)C(C(=O)NCCc1cccc(F)c1)c1cccnc1,0.0
Cc1ccncc1NC(=O)C(CO)c1cccc(Cl)c1,0.0
O=C(Cc1ccc(Cl)c(F)c1)Nc1cncc2ccccc12,1.0
O=C(Nc1cncc2ccccc12)C1CCN(Cc2ccccc2)c2ccc(Cl)cc21,1.0
COCc1csc(-c2nnc(-c3sc(-c4ccccc4)nc3C)o2)c1,0.0
CNC(=O)C[C@@]1(C(=O)Nc2cncc3ccccc23)CCOc2ccc(Cl)cc21,0.0
COC(=O)c1cc(Br)cc2c1NC(=O)C2=O,0.0
CNC(=O)CN1CC(C(=O)Nc2cncc3cc(S(C)(=O)=O)ccc23)c2cc(Cl)ccc2C1=O,1.0
C#CCCCC(=O)N[C@@H](CC)C(=O)N[C@H](C(=O)N[C@@H](CC(C)C)C(=O)N[C@@H](CCC(=O)N(C)C)C(=O)COC(=O)c1c(C)cccc1C)C(C)(C)C,1.0
O=C(NCCc1cccc(F)c1)C(c1cccnc1)N(C(=O)c1cocn1)C1CCN(c2ccccc2)C1,0.0
O=C(Nc1cncc2ccccc12)[C@@H]1CNCc2ccc(Cl)cc21,1.0
O=C(Cc1cccc(Cl)c1)Nc1cncc2c1CCCC2,0.0
O=C(Nc1cncc2cc(CO)ccc12)C1CCOc2ccc(Cl)cc21,1.0
CC(C)(C)c1ccc(N(C(=O)C2CCCN2)C(C(=O)NCCc2cccc(F)c2)c2cccnc2)cc1,0.0
O=C1C(=O)N(Cc2ccc(Br)cc2)c2ccccc21,0.0
Cc1cc(Br)cc2c1N(CCBr)C(=O)C2=O,0.0
O=C(NCCc1cccc(F)c1)C(c1cccnc1)N(C(=O)c1ccco1)C1CCN(c2ccccc2)CC1,0.0
Cc1cc(C(=O)N2CCC(C3CCNC3)CC2)cc(S(=O)(=O)N(C)C)c1C,0.0
C=CC(=O)N1CCN(S(=O)(=O)c2cccs2)CC1,0.0
N#CC1(CS(=O)(=O)N2Cc3ccc(Cl)cc3C(C(=O)Nc3cncc4ccccc34)C2)CNC1,1.0
COc1ccc(C(Cc2cnn(C)c2)C(=O)Nc2c[nH]c3ccccc23)cc1,0.0
CC(C)(C)c1ccc(N(C(=O)c2ccco2)C(C(=O)NCCc2cccc(F)c2)c2n[nH]c3ccccc23)cc1,0.0
C=CC(=O)N(c1ccc(C(C)(C)C)cc1)C(C(=O)Nc1ccc2c(c1)OCO2)c1cccnc1,0.0
O=C(Nc1cncc2cnccc12)[C@@H]1CCOc2ccc(Cl)cc21,1.0
COC1CN(S(=O)(=O)N2Cc3ccc(Cl)cc3C(C(=O)Nc3cncc4ccccc34)C2)C1,1.0
CN1C(=O)N(c2cncc3ccccc23)C(=O)C12CCOc1ccc(Cl)cc12,1.0
CN(Cc1nnc2ccccn12)C(=O)c1ccnc2ccccc12,0.0
O=C(Nc1cncc2ccccc12)[C@]1(O)CCOc2ccc(Cl)cc21,1.0
Cc1ccncc1CC(=O)Nc1cccc2c1CNCC2,0.0
NC(=O)C12COC(CNC(=O)CC3(C(=O)Nc4cncc5ccccc45)CCOc4ccc(Cl)cc43)(C1)C2,1.0
COCCCNC(=O)C(c1cccnc1)N(C(=O)c1cocn1)c1ccc(C(C)(C)C)cc1,1.0
O=C(Nc1cncc2ccccc12)C1CCOc2c(Cl)cc(Cl)cc21,1.0
O=C(CC1(C(=O)Nc2cncc3ccccc23)CCOc2ccc(Cl)cc21)N1CCC2C1CCCN2CCO,1.0
O=C(Nc1cncc2ccccc12)[C@@]1(O)CCOc2ccc(Cl)cc21,0.0
COC(=O)NCC1(C(=O)Nc2cncc3ccccc23)CCOc2ccc(Cl)cc21,1.0
CCOc1ccc(N(C(=O)c2cocn2)C(C(=O)NCCc2cccc(F)c2)c2cccnc2)cn1,0.0
O=C(Nc1cncc2cc(Cl)ccc12)C12CC(C1)Oc1ccc(Cl)cc12,0.0
CC(C)(C)c1ccc(N(C(=O)c2cocn2)C(C(=O)NCCc2c[nH]cn2)c2cccnc2)cc1,0.0
Cn1c(C(=O)N(c2ccc(C(C)(C)C)cc2)C(C(=O)NCCc2cccc(F)c2)c2cccnc2)c[nH]c1=O,0.0
CC(=O)C(=O)N1CCN(Cc2cccc(Cl)c2)CC1,0.0
O=C(Nc1cccnc1)c1cc(Cl)ccc1-c1ccccc1,0.0
COc1ccc(-c2ccccc2S(=O)(=O)N2CCN(C(=O)CCl)CC2)cc1,1.0
COC1(C(=O)Nc2cncc3cc(S(=O)(=O)N(C)C)ccc23)CCOc2ccc(Cl)cc21,1.0
CNC(=O)c1ccc2cncc(NC(=O)C3CN(S(=O)(=O)CC4(C#N)CC4)Cc4ccc(Cl)cc43)c2c1,1.0
CCC1(C(=O)Nc2cncc3ccccc23)CNC(=O)c2ccc(Cl)cc21,1.0
COC1CC2(C1)CC(N(C(=O)c1cocn1)C(C(=O)NCCc1cccc(F)c1)c1cccnc1)C2,0.0
CC(C)Cn1cc(NC(=O)NC2CCCc3ccccc32)c2ccccc2c1=O,0.0
O=C(CC1(C(=O)Nc2cncc3ccccc23)CCOc2ccc(Cl)cc21)N1CCN(CCCO)CC1,1.0
CNS(=O)(=O)c1cc2c(cc1OCc1ccccc1)OCO2,0.0
COCCc1ccc(Cl)cc1CN1CCN(C(=O)CCl)CC1,1.0
COc1ccccc1CN(C(=O)c1cocn1)C(C(=O)NCCc1cccc(F)c1)c1cccnc1,0.0
O=C(Nc1cncc2ccccc12)C1CCNc2ccc(Cl)cc21,1.0
O=C(Cc1cccc(Cl)c1)Nc1cncc2ccc(OCC(F)(F)F)cc12,1.0
O=C(C[C@@]1(C(=O)Nc2cncc3ccccc23)CCOc2ccc(Cl)cc21)N1CCN(C2CCOC2)CC1,0.0
N#CCC1(CS(=O)(=O)N2Cc3ccc(Cl)cc3C3(CCN(c4cncc5ccccc45)C3=O)C2)CC1,1.0
O=C(Nc1cncc2ccccc12)[C@H]1CNCc2ccc(Cl)cc21,0.0
N#Cc1ccc(CC(=O)Nc2cncc3ccccc23)cc1,0.0
CNCC1(C(=O)Nc2cncc3ccccc23)CCOc2ccc(Cl)cc21,0.0
N[C@]1(C(=O)Nc2cncc3ccccc23)CCOc2ccc(Cl)cc21,1.0
CS(=O)(=O)c1ccc2c(NC(=O)C3CCOc4ccc(Cl)cc43)cncc2c1,1.0
O=C(CCc1nc2ccccc2[nH]1)N1CCC(CCc2ccccc2)CC1,0.0
CCS(=O)(=O)Nc1ccc2cncc(NC(=O)Cc3cccc(Cl)c3)c2c1,1.0
CC(C)(C(N)=O)c1ccc(N(Cc2ccsc2)C(=O)Cn2nnc3ccccc32)cc1,1.0
O=C(Nc1ccc(N(C(=O)c2cocn2)C(C(=O)NCCc2cccc(F)c2)c2cccnc2)cc1)NC1CC1,0.0
O=C(/C=C/c1ccccc1)N1CCN(S(=O)(=O)c2cccc(F)c2)CC1,0.0
CNC(=O)C[C@]1(C(=O)Nc2cncc3ccccc23)CCOc2ccc(Cl)cc21,1.0
O=c1c2ccccc2c(-c2ccc(Br)cc2)nn1CC(O)CN1CCOCC1,0.0
COc1ccccc1OCCNC(=O)c1cc(=O)[nH]c2ccccc12,1.0
O=C(O)c1ccc(CNCc2c[nH]nc2-c2cccs2)cc1,0.0
O=C(Nc1nncn1C1CC1)[C@H]1CCOc2ccc(Cl)cc21,0.0
Cc1cc(NC(=O)Cc2cncnc2)cc(OC2CC(=O)N2)c1,0.0
CC(C)(C)c1ccc(N(C(=O)c2ccco2)C(C(=O)NCCc2cccc(F)c2)c2cncc3ccccc23)cc1,1.0
Cc1cn2nc(NCc3ccc4ncccc4c3)sc2n1,0.0
O=C(Nc1cncc2ccncc12)[C@H]1CCOc2cc(F)c(Cl)cc21,0.0
O=C(Cn1ccnc1)NCC1(C(=O)Nc2cncc3ccccc23)CCOc2ccc(Cl)cc21,1.0
Cc1cccc(C2CN(C(=O)CCl)Cc3ccccc32)c1,1.0
Cc1ccncc1NC(=O)C1(c2cccc(Cl)c2)CC1,0.0
O=C(Cc1cccc(Cl)c1)Nc1cncc2cc(C(F)F)ccc12,1.0
O=C(NCCc1cccc(F)c1)C(c1cccnc1)N(C(=O)c1cocn1)c1ccc(OC2CCOC2)cc1,1.0
O=C(Cc1cc(Cl)cc(N2CCN(C(=O)c3ccco3)CC2)c1)Nc1cncc2ccccc12,1.0
CC(NC(=O)CCl)c1cc(F)cc(Cl)c1,0.0
N#Cc1cc(N(C(=O)c2ccco2)C(C(=O)NCCc2cccc(F)c2)c2cccnc2)ccc1Oc1ccc(C(F)(F)F)cc1,0.0
COc1ccccc1OCCC(=O)Nc1cncc2ccccc12,0.0
COc1ccccc1N(C(=O)c1ccco1)C(C(=O)NCCc1cccc(F)c1)c1cccnc1,0.0
COc1ccccc1CN(C(=O)c1c[nH]cn1)C(C(=O)NCCc1cccc(F)c1)c1cccnc1,0.0
O=C(O)CCc1cc2c(cc1S(=O)(=O)N1CCN(c3ccccc3)CC1)OCO2,0.0
O=C(Nc1cncc2ccncc12)[C@@H]1CCOc2ccc(Cl)cc21,1.0
O=C(Cc1cccc(Cl)c1)Nc1[nH]nc2cc(F)ccc12,0.0
N#CC1(CS(=O)(=O)N2Cc3ccc(Cl)cc3C3(CCN(c4cncc5cc(F)cc(Cl)c45)C3=O)C2)CC1,0.0
CNC(=O)Nc1ccc(N(C(=O)c2cocn2)C(C(=O)NCCc2cccc(F)c2)c2cccnc2)cc1,0.0
COc1cc(C(=O)N(c2ccc(C(C)(C)C)cc2)C(C(=O)NCCc2cccc(F)c2)c2cccnc2)sn1,0.0
Cc1ccncc1NC(=O)N(C)c1cccc(Cl)c1,0.0
Cc1nc(C(=O)N(c2ccc(C(C)(C)C)cc2)C(C(=O)NCCc2cccc(F)c2)c2cccnc2)nn1-c1nnc[nH]1,0.0
O=C(CCl)N1CCN(C2(c3cccc(Cl)c3)CC2)CC1,0.0
O=C(c1cncc2ccccc12)N1CCN(c2cccc(Cl)c2)C(=O)C1,1.0
O=C1NCC(C(=O)Nc2cncc3ccccc23)c2cc(F)cc(F)c21,1.0
CC(=O)c1ccccc1C(=O)N(c1ccc(C(C)(C)C)cc1)C(C(=O)NCCc1cccc(F)c1)c1cccnc1,0.0
N#CC1(CS(=O)(=O)N2Cc3ccc(Cl)cc3C(C(=O)Nc3cncc4ccccc34)C2)CCC1,1.0
CCOC(=O)N1Cc2ccc(Cl)cc2C(C(=O)Nc2cncc3ccccc23)C1,1.0
CNC(=O)CN1C[C@]2(CCN(c3cncc4ccccc34)C2=O)c2cc(Cl)ccc2C1=O,0.0
N#CC1(CS(=O)(=O)N2Cc3ccc(Cl)cc3C(C(=O)Nc3cncc4cccc(Cl)c34)C2)CC1,1.0
CC(C)=CCC/C(C)=C/CC/C(C)=C/CC/C(C)=C/Cc1cc(O)cc2c1OC(=O)C2=C(C)C,0.0
Cn1ncc2cncc(NC(=O)Cc3cccc(Cl)c3)c21,1.0
O=C(Nc1cncc2ccccc12)C1CN(S(=O)(=O)CCO)Cc2ccc(Cl)cc21,1.0
C=CC(=O)N(c1cc(C(C)(C)C)on1)C(C(=O)NC(C)(C)C)c1cccnc1,0.0
O=C(NCc1ccc2[nH]c(=O)[nH]c2c1)Nc1ccc(F)c(F)c1,0.0
N#Cc1cccc(NC(=O)Cc2cncc3ccccc23)c1,0.0
CO[C@@]1(C(=O)Nc2cncc3ccccc23)CCOc2cc(F)c(Cl)cc21,0.0
O=C(Nc1cncc2ccccc12)C1CCOc2ccc(Cl)cc21,1.0
O=C1c2ccccc2C(=O)N1CCNCC1(C(=O)Nc2cncc3ccccc23)CCOc2ccc(Cl)cc21,0.0
C=CC(=O)N(c1ccc(C(F)(F)F)cc1)C(C(=O)Nc1ccc(OC)cc1)c1cccnc1,0.0
COC(=O)C1CC1C(=O)N1CCC(c2c[nH]c3ncccc23)CC1,0.0
Cn1ncc(NC(=O)C2CCOc3ccc(Cl)cc32)c1C(F)F,0.0
O=C(Cc1cccc(Cl)c1)Nc1cncc2c1CCC2,1.0
O=C(CCl)N1CCN(S(=O)(=O)c2c(F)cccc2F)CC1,1.0
O=C(NNc1cc(O)nc2ncccc12)c1ccnc2ccccc12,0.0
COc1cc(Cl)c(C)cc1NC(=O)Nc1cn(CC(C)C)c(=O)c2ccccc12,0.0
CC(C)(C)c1ccc(N(C(=O)c2scnc2Cl)C(C(=O)NCCc2cccc(F)c2)c2cccnc2)cc1,0.0
COc1cccc2[nH]c(=O)cc(C(=O)N3CCN(c4cccc(Cl)c4)CC3)c12,1.0
O=CN1CCC(OC(=O)c2c[nH]nc2-c2ccc(Cl)cc2)CC1,0.0
CC(C)Cn1cc(NC(=O)NCc2ccc3c(c2)OCO3)c2ccccc2c1=O,0.0
N#CC1(CS(=O)(=O)N2Cc3ccc(Cl)cc3[C@]3(CCN(c4cncc5ccccc45)C3=O)C2)CC1,0.0
CC(C)c1cc(N(C(=O)c2ccco2)C(C(=O)NCCc2cccc(F)c2)c2cccnc2)ccc1C(F)(F)F,0.0
Cc1ccncc1NC(=O)Cc1ccccc1N,0.0
Cc1ccncc1NC(=O)Cc1cc(Cl)cc(OCc2ncn[nH]2)c1,0.0
O=C(c1ccc2[nH]c(C(F)F)nc2c1)N1CCC(C2CCNC2)CC1,0.0
CC1CN(S(C)(=O)=O)CCC1NC(=O)CC1(C(=O)Nc2cncc3ccccc23)CCOc2ccc(Cl)cc21,1.0
C[C@@]1(C(=O)Nc2cncc3ccccc23)CCNc2cc(Cl)c(Cl)cc21,1.0
O=C(Cn1nnc2ccccc21)N(Cc1ccccn1)c1cnc(-c2ccccc2)nc1,0.0
CN(C)C(=O)C[C@@]1(C(=O)Nc2cncc3ccccc23)CCOc2ccc(Cl)cc21,0.0
O=C(Nc1cncc2ccccc12)[C@H]1CCOc2cc(F)c(Cl)cc21,0.0
O=C(CCl)N1CC2CC1CN2Cc1cccc(Cl)c1,1.0
CNC(=O)CN1CC(C(=O)Nc2cncc3cc(F)ccc23)c2cc(Cl)ccc2C1=O,1.0
Cn1ncc(C(=O)N(c2ccc(C(C)(C)C)cc2)C(C(=O)NCCc2cccc(F)c2)c2cccnc2)n1,0.0
O=C(NCc1coc2ccccc12)C1CCc2nnc(-c3ccc(O)cc3)n2C1,0.0
O=S(=O)(Cc1ccccc1F)c1oc(-c2ccc(F)cc2)nc1S(=O)(=O)c1ccccc1,1.0
O=C1CCc2cc(C(=O)N3CCC(C4CCNC4)CC3)ccc2N1,0.0
O=C(CCl)N1CCN(S(=O)(=O)c2ccsc2)[C@H](C(=O)N2CCN(c3ccccc3)CC2)C1,1.0
CCOC(=O)/C=C/N1CCN(S(=O)(=O)c2ccccc2)CC1,0.0
O=C(NCc1cccs1)[C@@H](c1ccccc1)N1Cc2ccccc2C1=O,0.0
O=C(CCl)Nc1cccc(N2CCCC2=O)c1,0.0
Cc1ccncc1NC(=O)Cc1cc(Cl)cc(NC2CCCC2O)c1,0.0
Cc1ccc2ncnc(NCc3ccc4nonc4c3)c2c1,0.0
O=C(Cc1cccc(Cl)c1F)Nc1cncc2ccccc12,0.0
CN(CC(=O)Nc1ccccc1Br)C(=O)CCl,1.0
O=C(CCl)N1CCCN(S(=O)(=O)c2cccs2)CC1,1.0
N#CC1(CS(=O)(=O)N2Cc3ccc(Cl)cc3C(C(=O)Nc3cncc4ccccc34)C2)CCS(=O)(=O)CC1,1.0
O=C(NCCc1cccc(F)c1)C(c1cccnc1)N(C(=O)c1cocn1)c1ccc2scnc2c1,0.0
Cc1ccc(C(=O)Nc2c(-c3cnn(C)c3)nc3ccccn23)cn1,0.0
O=C(Cc1cc(Cl)cc(-c2nnc[nH]2)c1)Nc1cncc2ccccc12,1.0
CNS(=O)(=O)c1ccc2c(NC(=O)C3(OC)CCOc4ccc(Cl)cc43)cncc2c1,1.0
CN(C)C(=O)CC1(C(=O)Nc2cncc3ccccc23)CCOc2ccc(Cl)cc21,1.0
CNC(=O)CN1CC2(CCN(c3cncc4ccccc34)C2=O)c2cc(Cl)ccc2C1=O,1.0
Cc1cnnn1-c1ccc(N(C(=O)c2cocn2)C(C(=O)NCCc2cccc(F)c2)c2cccnc2)cc1,0.0
COc1ccc2n[nH]c(NC(=O)Cc3cccc(Cl)c3)c2c1,0.0
CC(C)(C)OC(=O)N1CCC(NC(=O)C(c2cccnc2)N(C(=O)c2cocn2)c2ccc(C(C)(C)C)cc2)C1,1.0
N#CC1CN(S(=O)(=O)NCc2ccc(Cl)cc2CC(=O)Nc2cncc3ccccc23)C1,1.0
Cc1ccncc1NC(=O)N(CCC1CCCCC1)c1cc(Cl)cc(OC(C)C)c1,0.0
O=C(NCc1ccccc1)[C@@H]1CN(C(=O)CCl)CCN1S(=O)(=O)c1ccsc1,1.0
CN(C)c1ccc(N(Cc2cscn2)C(=O)Cn2nnc3ccccc32)cc1,0.0
O=C(NCCc1cccc(F)c1)C(c1cccnc1)N(C(=O)c1c[nH]cn1)c1ccc2c(c1)CCCS2(=O)=O,0.0
Cc1ccc(S(=O)(=O)N2CCN(C(=O)CCl)CC2)cc1,0.0
O=C(c1cc(=O)[nH]c2ccccc12)N1CCN(c2ccc(F)cc2)CC1,0.0
N#CC1(CS(=O)(=O)N2Cc3ccc(Cl)cc3C(C(=O)Nc3nncn3C3CC3)C2)CC1,0.0
COc1cc(CNCC2(C(=O)Nc3cncc4ccccc34)CCOc3ccc(Cl)cc32)cc(OC)c1OCC(N)=O,0.0
NC(=O)c1ccncc1NC(=O)Cc1cccc(Cl)c1,0.0
NCc1cn(CC(=O)N(Cc2cscn2)c2ccc(-c3ccccc3)nc2)nn1,0.0
O=C(Nc1cncc2ccccc12)C1CN(S(=O)(=O)c2ncc[nH]2)Cc2ccc(Cl)cc21,1.0
C=CC(=O)N(c1ccc(C(F)(F)F)cc1)C(C(=O)NCCc1cccc(F)c1)c1cncc(C)c1,0.0
CN(C)C(=O)CNC(=O)C(c1cccnc1)N(C(=O)c1ccco1)c1ccc(C(C)(C)C)cc1,0.0
O=C1[C@@H](c2cccc(Cl)c2)CCN1c1cncc2ccccc12,1.0
O=C(NCCc1cccc(F)c1)C(c1cccnc1)N(Cc1cc(C(F)(F)F)cs1)C(=O)c1ccco1,0.0
Nc1nn(C(=O)C2CCOc3ccc(Cl)cc32)c2cc(F)ccc12,0.0
O=C(Cc1cncc2ccccc12)N1CCOc2ccc(Cl)cc21,1.0
COc1ccc(Cl)cc1OCCNC(=O)c1cc(=O)[nH]c2cccc(OC)c12,1.0
O=C(NCCc1cccc(F)c1)C(c1cccnc1)N(C(=O)c1cocn1)c1ccccc1,0.0
Cn1ncc2cc(N(C(=O)c3cocn3)C(C(=O)NCCc3cccc(F)c3)c3cccnc3)ccc21,0.0
CC(C)(C)c1ccc(N(C(=O)c2ncc[nH]2)C(C(=O)NCCc2cccc(F)c2)c2cccnc2)cc1,1.0
CC(=O)N1CCN(CC(=O)Nc2cnccc2C2CC2)CC1,0.0
O=C(Nc1cncc2ccccc12)C1CCCc2ccc(Cl)cc21,1.0
O=C(Nc1cncc2ccccc12)C12CCC(O1)c1ccc(Cl)cc12,0.0
CCC1(C(=O)Nc2cncc3ccc(S(C)(=O)=O)cc23)CNC(=O)c2ccc(Cl)cc21,1.0
CC(C)NC(=O)CN1CC(C(=O)Nc2cncc3cc(S(C)(=O)=O)ccc23)c2cc(Cl)ccc2C1=O,1.0
CC(C)(C)c1ccc(N(C(=O)c2ccco2)C(C(=O)NCCc2cccc(F)c2)c2cccnc2)cc1,1.0
CC(=O)N1CC2CC1CN2C(=O)CC1(C(=O)Nc2cncc3ccccc23)CCOc2ccc(Cl)cc21,1.0
Cc1ccncc1NC(=O)Cc1cc(Cl)cc(NC2(C)CCC(F)(F)CC2)c1,0.0
CC(=O)N1CCc2ccc(Cl)cc2C1C(=O)Nc1cncc2ccccc12,1.0
NS(=O)(=O)c1ccc2c(c1)CN(CC1CCN(C(=O)CCl)CC1)CC2,0.0
Cc1ccncc1NC(=O)CCc1ccn[nH]1,0.0
Cc1cccc2nc(NC3CCN(c4ccc5nncn5n4)C3)sc12,0.0
NS(=O)(=O)c1ccc(CNCC2(C(=O)Nc3cncc4ccccc34)CCOc3ccc(Cl)cc32)cc1,1.0
CNS(=O)(=O)N1Cc2ccc(Cl)cc2C(C(=O)Nc2cncc3ccccc23)C1,1.0
O=C(Nc1cncn1-c1cccnc1)C1CCOc2ccc(Cl)cc21,0.0
N#CC1(CS(=O)(=O)N2Cc3ccc(Cl)cc3[C@@]3(CCN(c4cncc5ccccc45)C3=O)C2)CC1,1.0
COc1ccc([N+](=O)[O-])cc1COC(=O)c1cnc2ccccc2n1,0.0
O=C(Cc1cc(Cl)cc(OC2CC(=O)N2)c1)Nc1cncc2ccccc12,1.0
O=C(NCCc1cccc(F)c1)C(c1cccnc1)N(C(=O)c1c[nH]cn1)C1CCC2(CCO2)CC1,0.0
CCS(=O)(=O)N1Cc2ccc(Cl)cc2C(C(=O)Nc2cncc3ccccc23)C1,1.0
CC(C)c1ccncc1NC(=O)Cc1cccc(Cl)c1,0.0
O=C(NCCc1cccc(F)c1)C(c1cccnc1)N(C(=O)c1cocn1)c1ccc(-c2nnc3n2CCC3)cc1,0.0
CC1c2nncn2CCN1C(=O)CC1(C(=O)Nc2cncc3ccccc23)CCOc2ccc(Cl)cc21,1.0
COc1ccc(N(C(=O)c2ccco2)C(C(=O)NCCc2cccc(F)c2)c2cccnc2)cc1NC(=O)C1CCCCC1,0.0
O=C(Cn1cnc(C(F)(F)F)n1)NC(C(=O)Nc1cncc2ccccc12)c1cccc(Cl)c1,0.0
O=C1NC[C@H](C(=O)Nc2cncc3ccccc23)c2cc(Cl)ccc21,1.0
COC(=O)C(C)(CN(C(=O)c1ccco1)C(C(=O)NCCc1cccc(F)c1)c1cccnc1)c1ccccc1F,0.0
CC(=O)Nc1ccc(C#N)cc1CN1CCN(C(=O)CCl)CC1,0.0
O=C(COC(=O)C1(c2ccccc2)CCC1)c1c[nH]c2ccccc12,0.0
O=C(NCCc1cccc(F)c1)C(c1cccnc1)N(C(=O)c1cocn1)c1ccc(N2CCCC2=O)cc1,0.0
O=C(NCCc1nnc2n1CCC2)c1cc(O)nc2ccccc12,0.0
CC1(C(=O)Nc2cncc3cc(S(C)(=O)=O)ccc23)CNS(=O)(=O)c2ccc(Cl)cc21,1.0
CN(C)c1ccc(N(Cc2ccsc2)C(=O)Cc2cncc3ccccc23)cc1,1.0
O=C1NCC(C(=O)Nc2cncc3ccccc23)c2cc(Cl)ccc21,1.0
Cc1cc(O)c(C(C(=O)NCCc2cccc(F)c2)N(C(=O)c2cocn2)c2ccc(C(C)(C)C)cc2)c(=O)[nH]1,0.0
Cc1ccncc1NC(=O)Cc1cccc(Br)c1,0.0
N#CC1(CS(=O)(=O)N2Cc3ccc(Cl)cc3C3(CCN(c4cncc5ccccc45)C3=O)C2)CC1,1.0
CS(=O)(=O)Nc1ccc2c(NC(=O)[C@@H]3CN(S(=O)(=O)CC4(C#N)CC4)Cc4ccc(Cl)cc43)cncc2c1,1.0
N#CC1(CS(=O)(=O)N2Cc3ccc(Cl)cc3C(C(=O)Nc3cncc4ccc(F)cc34)C2)CC1,1.0
Cc1ccncc1NC(=O)N(Cc1ccccc1)c1cccc(Cl)c1,0.0
CNC(=O)CN1CC(C(=O)Nc2cncc3ccccc23)c2cc(Cl)ccc2C1=O,1.0
O=C(Nc1cncc2ccccc12)[C@H]1COc2ccc(Cl)cc21,0.0
O=C(Nc1cccnc1)NC1(C#Cc2c[nH]cn2)CC1,0.0
O=C(CN1Cc2ccc(Cl)cc2C2(CCN(c3cncc4ccccc34)C2=O)C1)NCC1CC1,1.0
Cn1cnnc1-c1cccc(NS(=O)(=O)c2c(Cl)nc3sccn23)c1,0.0
Cc1ccncc1NC(=O)Cc1cc(Cl)cc(OCc2n[nH]c3ccccc23)c1,0.0
C=CC(=O)N(c1ccc(C(C)(C)C)cc1)C(C(=O)NCCc1cccc(F)c1)c1cncc(Cl)c1,0.0
N#CC1(CS(=O)(=O)N2Cc3ccc(Cl)cc3[C@H](C(=O)Nc3cncc4ccccc34)C2)CNC1,1.0
NS(=O)(=O)c1ccc(CNC(=O)CC2(C(=O)Nc3cncc4ccccc34)CCOc3ccc(Cl)cc32)cc1,1.0
O=C(Nc1cncc2ccccc12)C1CCNc2cc(Cl)c(Cl)cc21,1.0
O=C(Nc1cncc2ccccc12)C1CN(S(=O)(=O)C2CNC2)Cc2ccc(Cl)cc21,1.0
O=C(Nc1cncc2ccccc12)C1CN(S(=O)(=O)C2COC2)Cc2ccc(Cl)cc21,1.0
Cc1ccc2ncc(NC(=O)Cc3cccc(Cl)c3)n2c1,1.0
Cc1ccncc1NC(=O)CN(C)S(=O)(=O)c1cccc2cccnc12,0.0
O=C(NCCc1ccccc1)[C@@H]1CN(C(=O)CCl)CCN1S(=O)(=O)c1ccsc1,1.0
CC(C)Cn1cc(NC(=O)NCCC2=CCCCC2)c2ccccc2c1=O,0.0
CC(C)(C#N)CS(=O)(=O)N1Cc2ccc(Cl)cc2C(C(=O)Nc2cncc3ccccc23)C1,1.0
O=C(NCCc1cccc(F)c1)C(c1cccnc1)N(C(=O)c1cocn1)C1CCN(c2ccccc2F)C1,0.0
CC(C)S(=O)(=O)Nc1ccc2c(NC(=O)C3CN(S(=O)(=O)CC4(C#N)CC4)Cc4ccc(Cl)cc43)cncc2c1,1.0
O=C(CN1CC(C(=O)Nc2cncc3cc(F)ccc23)c2cc(Cl)ccc2C1=O)NCC1CC1,1.0
CCN(C(=O)c1ccco1)C(C(=O)NCCc1cccc(F)c1)c1cccnc1,0.0
O=C(CCl)N1CCN(S(=O)(=O)c2cccs2)CC1,1.0
COCCN(C)S(=O)(=O)N1Cc2ccc(Cl)cc2C(C(=O)Nc2cncc3ccccc23)C1,1.0
CN(c1ccc2c(NC(=O)C3CN(S(=O)(=O)CC4(C#N)CC4)Cc4ccc(Cl)cc43)cncc2c1)S(C)(=O)=O,1.0
O=C1N(c2cncc3ccccc23)CC[C@]1(O)c1cccc(Cl)c1,1.0
CC(C)Cn1cc(NC(=O)NCCCN2CCC(C)CC2)c2ccccc2c1=O,0.0
O=C1NCC(C(=O)Nc2cnn3c2CCCC3)c2cc(Cl)ccc21,0.0
CC(C)(C)c1ccc(N(C(=O)c2cnc(C3CCOC3)s2)C(C(=O)NCCc2cccc(F)c2)c2cccnc2)cc1,0.0
NCc1cn(CC(=O)N(Cc2ccsc2)c2ccc(-n3cnnc3)cc2)nn1,0.0
COc1ccc(Cl)cc1N1C(=O)CN(Cc2cc(=O)[nH]c3ccccc23)C1=O,0.0
CC(C)(C)c1ccc(N(C(=O)c2cocn2)C(C(=O)N2CCC(c3cccc(F)c3)CC2)c2cccnc2)cc1,1.0
Cc1ccncc1NC(=O)Cn1ccc2ccc(Cl)cc21,0.0
O=C(CCl)N1CCN(Cc2cc(O)cc(Cl)c2)CC1,0.0
N#CC1(CS(=O)(=O)N2Cc3ccc(Cl)cc3C3(CCN(c4cncc5ccc(F)cc45)C3=O)C2)CC1,1.0
COC(=O)[C@H]1C[C@@H](NC(=O)C(c2cccnc2)N(C(=O)c2cocn2)c2ccc(C(C)(C)C)cc2)CN1C(=O)OC(C)(C)C,1.0
CC(C)Cn1cc(NC(=O)NCCc2c[nH]c3ccccc23)c2ccccc2c1=O,0.0
CC(=O)NCC1(C(=O)Nc2cncc3ccccc23)CCOc2ccc(Cl)cc21,1.0
CC(C)(C)c1ccc(N(C(=O)c2ccco2)[C@H](C(=O)NCCc2cccc(F)c2)c2cccnc2)cc1,1.0
O=C(NCCc1cccc(F)c1)C(c1cccnc1)N(C(=O)c1c[nH]cn1)C1CCC2OCCC2C1,0.0
O=C(c1cc(=O)[nH]c2ccccc12)N1CCN(Cc2cccc(C(F)(F)F)c2)CC1,0.0
Cc1ccncc1NC(=O)Cc1cc(Cl)cc(-c2ccc(S(C)(=O)=O)cc2Cl)c1,0.0
CCN(c1ccccc1)S(=O)(=O)c1ccc(OC)c(NC(=O)CCl)c1,1.0
Cc1ccncc1NC(=O)Cc1cc(Cl)cc(OC2COC2)c1,0.0
O=C(Cc1cccc(Cl)c1)Nc1cncc2ccncc12,1.0
O=C(Nc1cnccc1CO)C1CCOc2ccc(Cl)cc21,0.0
O=C1CC(O)(C(=O)Nc2cncc3ccccc23)c2cc(Cl)ccc2N1,0.0
Cc1nc2ccc(N(C(=O)c3cocn3)C(C(=O)NCCc3cccc(F)c3)c3cccnc3)cc2o1,0.0
O=C(NCCc1cccc(F)c1)C(c1cccnc1)N(C(=O)c1c[nH]cn1)c1cnc(C2CCC2)nc1,0.0
Clc1ccc2c(c1)C1(CCO2)CCN(c2cncc3cccc(Cl)c23)C1,0.0
Cc1cc(O)cc(C)c1C[C@H](NC(=O)[C@H](N)CCCNC(=N)N)C(=O)N[C@@H](CCCCN)C(=O)N[C@@H](Cc1ccccc1)C(N)=O,0.0
O=C(Cc1cccc(Cl)c1)Nc1cncc2ncccc12,0.0
O=C(Nc1cncc2sc(Cl)cc12)C1CCOc2ccc(Cl)cc21,1.0
CC1NC(=O)c2ccc(Cl)cc2C1C(=O)Nc1cncc2ccc(S(C)(=O)=O)cc12,1.0
Cc1nc2scc(C)n2c1CN1CCN(Cc2ccsc2)CC1,0.0
O=C(Nc1cnn2ccccc12)C1CCS(=O)(=O)c2ccc(Cl)cc21,1.0
O=C(Nc1cncc2ccccc12)C1CCOc2c(OCCC(F)(F)F)cc(Cl)cc21,1.0
COC1(CS(=O)(=O)N2Cc3ccc(Cl)cc3C3(CCN(c4cncc5ccccc45)C3=O)C2)CC1,1.0
CC(NC(=O)Nc1ccn2ccnc2c1)c1ccc2[nH]c(=O)oc2c1,0.0
COc1cc(Cl)cc(OC(=O)Nc2cccnc2)c1,1.0
O=C(Cc1cccc(Cl)c1)Nc1cncc2ccc(OCCN3CCCC3)cc12,1.0
CC1(C)Nc2ccccc2C1NC(=O)Cc1cccc(Cl)c1,0.0
O=C1C(=O)N(Cc2ncon2)c2ccc(Br)cc21,1.0
O=C(Cc1cccc(Cl)c1)Nc1cnccc1C1CC1,1.0
O=C(Cn1nnc2ccccc21)N(Cc1cccc(Cl)c1)c1ccc(N2CCOCC2)cc1,1.0
C#Cc1cccc(CC(=O)Nc2cncc3ccccc23)c1,1.0
O=C(N[C@@H](C(=O)Nc1cncc2ccccc12)c1cccc(Cl)c1)[C@@H]1CC[C@H](C(=O)N2CCCC2)O1,1.0
Cc1nc2cc(C(=O)NNc3ccnc4cccnc34)ccc2o1,0.0
O=[N+]([O-])c1cnc(Sc2nccc(-c3cccnc3)n2)s1,1.0
CN(CC#N)S(=O)(=O)N1Cc2ccc(Cl)cc2C(C(=O)Nc2cncc3ccccc23)C1,1.0
COC(=O)[C@H]1C[C@H](NC(=O)C(c2cccnc2)N(C(=O)c2cocn2)c2ccc(C(C)(C)C)cc2)CN1C(=O)OC(C)(C)C,1.0
O=C(Nc1cncc2ccccc12)C1(CNCc2cn(CC3CCCO3)nn2)CCOc2ccc(Cl)cc21,1.0
Cc1ccc(C)c(S(=O)(=O)N2CCN(C(=O)CCl)CC2)c1,0.0
CC1CN(C(=O)c2cc(=O)[nH]c3ccccc23)CCN1c1cccc(Cl)c1,0.0
CCc1ccc(S(C)(=O)=O)cc1C(=O)N1CCC(C2CCNC2)CC1,0.0
O=C(NCCc1cccc(F)c1)C(c1cccnc1)N(C(=O)c1cnc[nH]1)c1ccc(OC2CCOC2)cc1,0.0
O=C(Nc1cncc2ccccc12)C1CN(S(=O)(=O)N2CCC2)Cc2ccc(Cl)cc21,1.0
O=C(Nc1cncc2ccccc12)[C@@H]1CCNc2ccc(Cl)cc21,1.0
COC(=O)[C@@H]1CC[C@H](NC(=O)C(c2cccnc2)N(C(=O)c2cocn2)c2ccc(C(C)(C)C)cc2)C1,1.0
CC(C)(O)c1cccc(N(C(=O)c2cocn2)C(C(=O)NCCc2cccc(F)c2)c2cccnc2)c1,0.0
O=C1CC(Oc2cc(Cl)cc(CC(=O)Nn3cnc4ccccc43)c2)N1,0.0
N#Cc1nccn1CCCc1cccc(Cl)c1,0.0
N#Cc1ccc(C(=O)N2C[C@@H](F)C[C@H]2CNC(=O)C2CCCC2O)[nH]1,0.0
CNC(=O)C1(N2Cc3ccc(Cl)cc3C3(CCN(c4cncc5ccccc45)C3=O)C2)CC1,1.0
Cc1ccncc1NC(=O)Cc1cc(Cl)cc(-c2cnn(C)c2C(F)F)c1,0.0
O=C(CC1(C(=O)Nc2cncc3ccccc23)CCOc2ccc(Cl)cc21)Nc1nnco1,0.0
CNC(=O)CN1CC(C)(C(=O)Nc2cncc3cc(F)ccc23)c2cc(Cl)ccc2S1(=O)=O,1.0
O=C(Nc1cncc2ccccc12)C1CN(S(=O)(=O)CC2CNC2)Cc2ccc(Cl)cc21,1.0
COC1(CS(=O)(=O)N2CC(C(=O)Nc3cncc4cc(S(C)(=O)=O)ccc34)c3cc(Cl)ccc3C2=O)CC1,1.0
CN(c1ccc2c(NC(=O)Cc3cccc(Cl)c3)cncc2c1)S(C)(=O)=O,1.0
O=C(NCCc1cccc(F)c1)C(c1cccnc1)N(C(=O)c1cocn1)c1ccc2c(c1)CCC(=O)N2CC(F)F,0.0
O=C(Nc1ccc2c(=O)cc[nH]c2c1)c1ccc2ccncc2c1,0.0
O=C(Cc1cccc(Cl)c1)Nc1cncc2ccc(C(=O)O)cc12,1.0
O=C(NCCc1cccc(F)c1)C(c1cccnc1)N(C(=O)c1cocn1)c1cnc(C2CCC2)nc1,0.0
Cc1cccc(NC(=O)CN2C(=O)C(=O)c3ccccc32)c1,0.0
COc1ccccc1N1CCN(C(=O)c2cc(=O)[nH]c3ccccc23)CC1,0.0
Cc1cc(C)nc(NC2CCN(C(=O)CCl)CC2)n1,0.0
O=C(Nc1nncn1C1CC1)[C@@H]1CCOc2ccc(Cl)cc21,0.0
N#CC1(CS(=O)(=O)N2Cc3ccc(Cl)cc3C3(CCN(c4cncc5ccccc45)C3=O)C2)CCC1,1.0
O=C(Cc1cccc(Cl)c1)NC1CS(=O)(=O)Cc2ccccc21,0.0
CC(C)(C)c1ccc(N(C(=O)c2cnsn2)C(C(=O)NCCc2cccc(F)c2)c2cccnc2)cc1,0.0
COC(=O)c1ccc(-c2cc(Cl)cc(CC(=O)Nc3cnccc3C)c2)c(OC)c1,0.0
CC(C)(C)c1ccc(N(C(=O)c2cocn2)C(C(=O)NCCc2cccc(F)c2)c2cncnc2)cc1,1.0
CC1(CS(=O)(=O)N2Cc3ccc(Cl)cc3C(C(=O)Nc3cncc4cccc(Cl)c34)C2)CS(=O)(=O)C1,1.0
NS(=O)(=O)CCc1ccccc1CN1CCN(C(=O)CCl)CC1,1.0
CC1(C(=O)Nc2cncc3cccc(Cl)c23)CNS(=O)(=O)c2ccc(Cl)cc21,1.0
O=C(Nc1cncc2ccccc12)[C@H]1CCNc2cc(Cl)c(Cl)cc21,0.0
Cn1ccc(CN(C(=O)Cc2cccnc2)c2ccc(-c3ccccn3)cc2)n1,0.0
O=C(NC(c1ccccc1)c1ccccc1)[C@@H]1CN(C(=O)CCl)CCN1S(=O)(=O)c1ccsc1,1.0
O=C(CC1(C(=O)Nc2cncc3ccccc23)CCOc2ccc(Cl)cc21)N1CCC2CS(=O)(=O)CC2C1,1.0
Clc1ccc2c(c1)C1(CCO2)CCN(c2cncc3ccccc23)C1,0.0
CN(C)c1ccc(C(Cc2ccsc2)C(=O)Nc2nnc3ccccn23)cc1,0.0
CC(=O)c1cccc(NC(=O)Nc2cn(C)c(=O)c3ccccc23)c1,0.0
CC(C)(C)c1ccc(N(C(=O)c2cn[nH]c2)C(C(=O)NCCc2cccc(F)c2)c2cccnc2)cc1,1.0
O=C(Nc1cncc2ccccc12)[C@H]1COc2ccc(Cl)cc2C1,0.0
Cc1nocc1C(=O)N1Cc2ccc(Cl)cc2C(C(=O)Nc2cncc3ccccc23)C1,1.0
O=C(CN1CC2(CCN(c3cncc4ccccc34)C2=O)c2cc(Cl)ccc2S1(=O)=O)NCC1CC1,1.0
CNC(=O)CN1Cc2ccc(Cl)cc2C2(CCN(c3cncc4ccc(OCCN(C)C)cc34)C2=O)C1,1.0
O=C(Cc1ccncc1Cl)Nc1cncc2ccccc12,0.0
Cc1nn2c(CNc3ccc(Cn4cncn4)cc3)c(C)nc2s1,0.0
Cc1nc2ccc(NC(=O)Cn3ncn4nccc4c3=O)cc2s1,0.0
C=CC(=O)NCc1ccccc1S(=O)(=O)NC,0.0
N#Cc1ccccc1S(=O)(=O)N1CCN(C(=O)c2cc(=O)[nH]c3cc(F)ccc23)CC1,1.0
CC(=O)Nc1ccc2c(NC(=O)Cc3cccc(Cl)c3)cncc2c1,1.0
CCOC(=O)c1cc(-c2cc(Cl)cc(CC(=O)Nc3cnccc3C)c2)n[nH]1,0.0
CNC(=O)CN1C[C@H](C(=O)Nc2cncc3ccc(F)cc23)c2cc(Cl)ccc2C1=O,1.0
CN(C)C(=O)c1ccc2c(NC(=O)Cc3cccc(Cl)c3)cncc2c1,1.0
Cn1nc(-c2ccc(C(F)(F)F)cc2)nc2c(=O)n(C)c(=O)nc1-2,0.0
CCNc1ncc(C#N)cc1CN1CCN(C(=O)CCl)CC1,1.0
CS(=O)(=O)Nc1ccc2c(NC(=O)C3CN(S(=O)(=O)CC4(C#N)CC4)Cc4ccc(Cl)cc43)cncc2c1,1.0
COc1cccc2[nH]c(=O)cc(C(=O)NCCOc3ccccc3OCC3CC3)c12,1.0
CNC(=O)CN1CC(C(=O)Nc2cncc3cc(NS(C)(=O)=O)ccc23)c2cc(Cl)ccc2C1=O,1.0
C=CC(=O)N(c1ccc(C(F)(F)F)cc1)C(C(=O)Nc1c(C)cccc1CC)c1cccnc1,0.0
CNc1ccc(N(C(=O)Cn2nnc3ccccc32)c2cccc(Cl)c2)cc1,0.0
C[C@@]1(C(=O)Nc2cncc3c2CCCC3)CNS(=O)(=O)c2ccc(Cl)cc21,1.0
CC(C)Cn1cc(NC(=O)Nc2nc3ccccc3s2)c2ccccc2c1=O,0.0
NS(=O)(=O)c1ccc(N2CCC(Nc3ccc(F)cc3)CC2)cc1,0.0
Cc1ccnc2[nH]c(CC3CCN(C(=O)CCl)CC3)nc12,0.0
CC(C)(C)c1ccc(N(C(=O)c2cn(C3COCC3=O)nn2)C(C(=O)NCCc2cccc(F)c2)c2cccnc2)cc1,0.0
COc1ccccc1OCCNC(=O)c1cc(=O)ccn1C,0.0
O=C(NCCOc1ccccc1)c1cc(=O)[nH]c2ccccc12,0.0
CC(C)C[C@H](NC(=O)OCc1ccccc1)C(=O)N[C@@H](CC1CCNC1=O)C(O)S(=O)(=O)O,1.0
O=C(Nc1cncc2ccc(F)cc12)C1CCNc2cc(Cl)c(Cl)cc21,1.0
COc1ccccc1OC(C)CNC(=O)c1cc(=O)[nH]c2cc(F)ccc12,0.0
COc1cc(Cl)nc(Nc2cc(Cl)cc(CC(=O)Nc3cncc4ccccc34)c2)n1,1.0
Cc1nc2sccn2c1CN(C)C(=O)c1cnc2sccn2c1=O,0.0
C=CC(=O)N(c1ccc(C(C)(C)C)cc1)C(C(=O)NCCc1cccc(F)c1)c1cncc(C#N)c1,1.0
O=C(Cc1cccc(Cl)c1)Nc1cccc2cn[nH]c12,0.0
CCCOc1cc(Cl)cc2c1OCCC2C(=O)Nc1cncc2ccccc12,1.0
Cn1cnc(CN(C(=O)c2cnnn2-c2ccccc2)c2ccc(OCc3ccccc3)cc2)c1,0.0
O=C(CC1(C(=O)Nc2cncc3ccccc23)CCOc2ccc(Cl)cc21)N1CCN(CC(F)(F)CO)CC1,1.0
NC[C@]1(C(=O)Nc2cncc3ccccc23)CCOc2ccc(Cl)cc21,0.0
Cc1ccncc1NC(=O)Cc1cc(Cl)cc(-c2ccc(C3(C)CCO3)cc2)c1,0.0
O=C(c1ccc(N2CCCC2)nc1)N1CCCC(c2ccn[nH]2)C1,0.0
CCOC(=O)c1cc(-c2ccccc2)sc1NC(=O)Cc1csc(-c2ccccc2)n1,1.0
C=CC(=O)N(c1ccc(C2(C)CC2)cc1)C(C(=O)Nc1cccc(CC)c1)c1cccnc1,0.0
C=CC(=O)N(c1ccc(C(C)(C)C)cc1)C(C(=O)NCc1ccc(F)cc1)c1cccnc1,0.0
Cc1ccncc1NC(=O)C(C)c1cc(Cl)cc(OC2CC(=O)N2)c1,0.0
O=C(Nc1cncc2ccccc12)C1CN(C(=O)c2cnco2)Cc2ccc(Cl)cc21,1.0
COc1ccc2c(N)nn(C(=O)Cc3cccc(Cl)c3)c2c1,0.0
CS(=O)(=O)c1ccc2cncc(NC(=O)C3CCOc4cc(F)c(Cl)cc43)c2c1,1.0
N#Cc1ccc(C(=O)NCC(=O)NC(C(=O)Nc2cncc3ccccc23)c2cccc(Cl)c2)cc1,0.0
CNC(=O)CN1Cc2ccc(Cl)cc2[C@@]2(CCN(c3cncc4c3CCCC4)C2=O)C1,1.0
COc1cccc2ncc(NC(=O)Cc3cccc(Cl)c3)n12,0.0
CN(Cc1cccc(Cl)c1)C(=O)Cn1nnc2ccccc21,0.0
CS(=O)(=O)NCc1ccc(Cl)cc1CC(=O)Nc1cncc2ccccc12,1.0
O=C(Cc1cccc(Cl)c1)Nc1cncc2cc(OCC(F)(F)F)ccc12,0.0
CN1CCC(C(=O)Nc2cncc3ccccc23)c2cc(Cl)ccc21,1.0
O=C(Nc1ccc(F)cc1)[C@@H](c1ccccc1)N1Cc2ccccc2C1=O,0.0
CCOC(=O)Cc1csc(NC(=O)Nc2cn(CC(C)C)c(=O)c3ccccc23)n1,0.0
O=C1N(c2cncc3ccccc23)CCC12CN(S(=O)(=O)CC1(C(F)(F)F)CC1)Cc1ccc(Cl)cc12,1.0
O=C1O[C@]2(CCOc3ccc(Cl)cc32)C(=O)N1c1cncc2ccccc12,0.0
CC(C)(C)c1ccc(N(C(=O)c2cocn2)C(C(=O)NCCc2cccc(F)c2)c2cccnc2)cc1,1.0
O=C(Cc1ccccc1Cl)Nc1cncc2ccccc12,0.0
CC(Cc1nc2ccccc2s1)Nc1ccc2nnnn2n1,0.0
Cc1ccncc1NC(=O)Nc1cccc(C#N)c1,0.0
Cc1n[nH]c(CN2Cc3ccc(Cl)cc3C(C(=O)Nc3cncc4ccccc34)C2)n1,1.0
CC1(C(=O)Nc2cncc3cc(S(C)(=O)=O)ccc23)CN(CC(=O)NC2CC2)S(=O)(=O)c2ccc(Cl)cc21,1.0
CCNS(=O)(=O)N1Cc2ccc(Cl)cc2C(C(=O)Nc2cncc3ccccc23)C1,1.0
COC1(CS(=O)(=O)N2Cc3ccc(Cl)cc3C(C(=O)Nc3cncc4ccccc34)C2)CC1,1.0
COC(=O)CCSc1cc(Cl)ccc1N(C(=O)c1ccco1)C(C(=O)NCCc1cccc(F)c1)c1cccnc1,0.0
CCc1cc(F)ccc1-c1cc(Cl)cc(CC(=O)Nc2cnccc2C)c1,0.0
O=C(NC1CCCCC1)[C@@H]1CN(C(=O)CCl)CCN1S(=O)(=O)c1ccsc1,1.0
O=C(CC1(C(=O)Nc2cncc3ccccc23)CCOc2ccc(Cl)cc21)N1C[C@@H]2C[C@H]1CN2CC(F)F,1.0
O=C(Cc1cccc(Cl)c1)Nc1cncc2cccc(Cl)c12,1.0
CCc1cc(Cl)cc(CC(=O)Nc2cncc3ccccc23)c1,1.0
CN(C)S(=O)(=O)NCC1(C(=O)Nc2cncc3ccccc23)CCOc2ccc(Cl)cc21,1.0
CN(c1ccc2cncc(NC(=O)Cc3cccc(Cl)c3)c2c1)S(C)(=O)=O,1.0
CC(C)(C)c1ccc(N(C(=O)c2cn(CCN3CCOCC3)nn2)C(C(=O)NCCc2cccc(F)c2)c2cccnc2)cc1,0.0
CC1(C(=O)Nc2cncc3ccccc23)C(=O)Nc2ccc(Cl)cc21,1.0
Cc1ccncc1NC(=O)Cc1cccc(F)c1,0.0
Cc1cc(C)nc(C#N)n1,0.0
CC(C)(C)c1ccc(N(C(=O)c2cocn2)C(C(=O)NCCc2cccc(F)c2)c2c(N3CCOCC3)nc3ccccn3c2=O)cc1,0.0
O=C(O)C12CC(CNCc3ccc4c(c3)OCC4)(C1)OC2c1ccccc1,0.0
COc1ccc(NC(=O)C(c2cccnc2)N(C(=O)c2cocn2)c2ccc(C(C)(C)C)cc2)cn1,1.0
O=C1CC2(CCOc3ccc(Cl)cc32)C(=O)N1c1cncc2ccccc12,1.0
O=C(Nc1cncc2cc(Cl)ccc12)C1CCS(=O)(=O)c2ccc(Cl)cc21,1.0
O=C(Cc1cccc(Cl)c1)Nc1nncc2ccccc12,0.0
C=CC(=O)NCCC(=O)N(Cc1ccccc1)Cc1nc2ccccc2c(=O)[nH]1,0.0
CN(C)C(=O)COCC(=O)NC(C(=O)Nc1cncc2ccccc12)c1cccc(Cl)c1,1.0
O=c1[nH]c2ccc(NC(=S)Nc3ccccc3Cl)cc2[nH]1,0.0
O=C(NCCc1cccc(F)c1)C(c1cccnc1)N(C(=O)c1c[nH]cn1)c1ccc2ncsc2c1,0.0
O=C(Cc1cccc(Cl)c1)Nc1cnnc2ccccc12,0.0
N#CC1(CS(=O)(=O)N2Cc3ccc(Cl)cc3[C@@H](C(=O)Nc3cncc4ccccc34)C2)CCS(=O)(=O)CC1,0.0
C[n+]1ccn(CCCc2cccc(Cl)c2)c1C#N,0.0
NS(=O)(=O)NCCNS(=O)(=O)c1ccccc1[N+](=O)[O-],0.0
CNC(=O)CN1CC(C)(C(=O)Nc2cncc3cc(S(C)(=O)=O)ccc23)c2cc(Cl)ccc2S1(=O)=O,1.0
CC(=O)N1CC[C@H](C(=O)Nc2cncc3ccccc23)c2cc(Cl)ccc21,1.0
NCc1cn(CC(=O)N(CC(=O)N2CCNCC2)c2ccc(-c3ccccc3)cc2)nn1,0.0
O=C(Nc1cncc2ccccc12)C1CN(C2CCNC2=O)C(=O)c2ccc(Cl)cc21,1.0
Cc1ccncc1NC(=O)CN1C(=O)COc2ccc(Cl)cc21,0.0
Cc1cccc(C2CCCCN2C(=O)C(C)c2cncnc2)c1C,0.0
O=C1CC(N2CC(C(=O)Nc3cncc4ccccc34)c3cc(Cl)ccc3C2=O)CN1,1.0
Cc1c(C(=O)N2CCC(C3CCNC3)CC2)cccc1-c1ccccn1,0.0
O=C(NCCc1cccc(F)c1)C(c1cccnc1)N(C(=O)c1ccco1)c1ccc(C2CCCC2)cc1,1.0
Cc1ccn2c(-c3ccc4[nH]ncc4c3)c(-c3ccc(F)cc3)nc2c1,0.0
Cn1cc(C2=NOC(C(=O)NC(C(=O)Nc3cncc4ccccc34)c3cccc(Cl)c3)C2)cn1,1.0
Cc1cn2ccc(C(=O)Nc3nc(-c4cnn(C)c4)cs3)cc2n1,0.0
O=C(Cc1cccc(Cl)c1)Nc1cncc2cnoc12,0.0
COCc1cc(Cl)cc(CN2CCN(C(=O)CCl)CC2)c1,1.0
CCCOc1c(Cl)cc(C(=O)N2CCC(C3CCNC3)CC2)cc1OCC,0.0
C=CC(=O)N(c1cc(C(C)(C)C)on1)C(C(=O)NCCc1cccc(F)c1)c1cncc(O)c1,0.0
O=C(NCc1ccc(Cl)cc1CN1CCN(C(=O)CCl)CC1)[C@@H]1CCCOC1,0.0
CC1C(O)CCCN1Cc1ccccc1,0.0
CS(=O)(=O)c1ncc(Cl)c(C(=O)Nc2ccccc2Cc2ccccc2)n1,1.0
CC(C)(C)c1ccc(N(C(=O)c2cocn2)C(C(=O)NCCc2cccc(F)c2)c2cnc(N3CCOCC3)nc2)cc1,0.0
O=C(Nc1cncc2ccccc12)C1(CNCc2cn(CC3CCOC3)nn2)CCOc2ccc(Cl)cc21,1.0
O=c1[nH]c(-c2nnc[nH]2)nc2cc(-c3ccccc3Cl)sc12,0.0
O=C(Cc1cc(Cl)cc(Oc2cccc(=O)[nH]2)c1)Nc1cncc2ccccc12,1.0
CCCCN1C(=O)C(=O)c2cc(Br)cc(C)c21,0.0
O=C(Cn1nnc2ccccc21)N(Cc1ccccn1)c1ccc(-n2cnnc2)cc1,0.0
O=C(C[C@@]1(C(=O)Nc2cncc3ccccc23)CCOc2ccc(Cl)cc21)N1CCN(CC(F)(F)CO)CC1,1.0
O=C(Cc1cccc(Cl)c1)Nc1cncc2cccc(F)c12,1.0
CCCCn1nnnc1CNC1CCc2nc(C(C)C)nn2C1,0.0
CC(C)(C)c1ccc(N(C(=O)c2cocn2)C(C(=O)NCc2ccncc2)c2cccnc2)cc1,0.0
O=C(NC1N=Nc2ccccc21)C1CCOc2ccc(Cl)cc21,0.0
O=C(NCC1=[SH]C=CC1)[C@@H](c1ccccc1)N1Cc2ccccc2C1=O,0.0
COC(=O)c1c(C)nn(C(=O)c2cccs2)c1-c1snnc1C,1.0
COc1nccnc1C(C(=O)NCCc1cccc(F)c1)N(C(=O)c1cocn1)c1ccc(C(C)(C)C)cc1,0.0
CNC(=O)c1cc2c(NC(=O)C3CCOc4ccc(Cl)cc43)cncc2s1,1.0
O=C(O)CN1C(=O)C(=O)c2cc([N+](=O)[O-])ccc21,0.0
Cc1nn(C)c2[nH]nc(NC(=O)Cc3cccc(Cl)c3)c12,0.0
CN1CCCN(c2ccc(N(C(=O)c3cocn3)C(C(=O)NCCc3cccc(F)c3)c3cccnc3)cc2)C1=O,0.0
CNS(=O)(=O)c1cc(CNCC2(C(=O)Nc3cncc4ccccc34)CCOc3ccc(Cl)cc32)ccc1F,1.0
Cc1cc(O)ncc1NC(=O)C1CCOc2ccc(Cl)cc21,0.0
Cc1ccc(S(=O)(=O)CNC(=O)C(c2cccnc2)N(C(=O)c2cocn2)c2ccc(C(C)(C)C)cc2)cc1,0.0
CCOC(=O)c1c(COc2cc(Cl)cc(CC(=O)Nc3cnccc3C)c2)oc2ccccc12,0.0
O=C(Cc1cccc(Cl)c1)Nc1[nH]nc2cccc(F)c12,0.0
CS(=O)(=O)c1ccc2cncc(NC(=O)C3CNC(=O)c4c(F)cc(F)cc43)c2c1,1.0
O=C(Nc1cccc(C(F)(F)F)c1)Nc1ccccc1Sc1ncc([N+](=O)[O-])s1,1.0
Cc1ccccc1C(C)N(C(=O)c1cocn1)C(C(=O)NCCc1cccc(F)c1)c1cccnc1,0.0
Cc1ccnc(NC(=O)C2CCOc3ccc(Cl)cc32)c1N,0.0
CC(C)(C)c1ccc(N(C(=O)c2c[nH]c(=O)cn2)C(C(=O)NCCc2cccc(F)c2)c2cccnc2)cc1,0.0
O=C(Cc1cccc(Cl)c1)Nc1cncc2cc(F)ccc12,1.0
Cc1ccncc1N1CCN(c2cccc(Cl)c2)C1=O,0.0
NS(=O)(=O)c1ccc(CNC[C@]2(C(=O)Nc3cncc4ccccc34)CCOc3ccc(Cl)cc32)cc1F,1.0
O=C(CN1CC(C(=O)Nc2cncc3cc(F)ccc23)c2cc(Cl)ccc2C1=O)NC1CCC1,1.0
COc1ncncc1C(C(=O)NCCc1cccc(F)c1)N(C(=O)c1cocn1)c1ccc(C(C)(C)C)cc1,1.0
O=C(Cc1cccc(Cl)c1)Nc1noc2ccccc12,0.0
CCNC(=O)CN1CC(C(=O)Nc2cncc3cc(S(C)(=O)=O)ccc23)c2cc(Cl)ccc2C1=O,1.0
CC(C)Cn1cc(NC(=O)Nc2cccnc2)c2ccccc2c1=O,0.0
COC(=O)c1cc(/C=c2\s/c(=C(/C#N)C(=O)NC(C)C)n(-c3ccc(OC)c(F)c3)c2=O)oc1C,0.0
N#CC(C(=O)Nc1cncc2ccccc12)c1ccc(Cl)c(Cl)c1,1.0
CC(C)(C)c1ccc(N(C(=O)c2[nH]nc(O)c2CCO)C(C(=O)NCCc2cccc(F)c2)c2cccnc2)cc1,0.0
CCC(C)(C)CCN(Cc1ccsc1)C(=O)Cn1nnc2ccccc21,0.0
CCCCc1nc(-c2nccn2CC(F)(F)F)c[nH]1,0.0
CS(=O)(=O)Oc1ccc2cncc(NC(=O)Cc3cccc(Cl)c3)c2c1,1.0
CNC(=O)CN1CC2(CC(=O)N(c3cncc4ccccc34)C2=O)c2cc(Cl)ccc2C1=O,1.0
COCc1ccccc1CNS(=O)(=O)c1c(C)sc(C)c1C,0.0
CC(C)(C)c1ccc(N(C(=O)c2cscn2)C(C(=O)NCCc2cccc(F)c2)c2cccnc2)cc1,1.0
CC1(C(=O)Nc2cncc3c2CCCC3)CNS(=O)(=O)c2ccc(Cl)cc21,0.0
COC(=O)CCc1nocc1CNCC1(C(=O)Nc2cncc3ccccc23)CCOc2ccc(Cl)cc21,1.0
COc1ccc2n[nH]c(NC(=O)C3CCOc4ccc(Cl)cc43)c2c1,0.0
Cn1cnc(C(=O)N(c2ccc(C(C)(C)C)cc2)C(C(=O)NCCc2cccc(F)c2)c2cccnc2)n1,0.0
O=C1C[C@]2(CCOc3ccc(Cl)cc32)C(=O)N1c1cncc2ccccc12,1.0
O=C(Nc1cncc2ccccc12)C(O)c1ccc(Cl)c(Cl)c1,1.0
Cc1cc(C)n2ncc(C(=O)Nc3ccc4ncsc4c3)c2n1,0.0
O=C(Nc1ccc2ccccc2c1)[C@@H]1CN(C(=O)CCl)CCN1S(=O)(=O)c1ccsc1,1.0
CC(C)NC(=O)CN1CC(C(=O)Nc2cncc3ccccc23)c2cc(Cl)ccc2C1=O,1.0
O=C(NCCc1cccc(F)c1)C(c1cccnc1)N(C(=O)c1c[nH]cn1)c1ccc(C2COC2)cc1,0.0
CNC(=O)CN1Cc2ccc(Cl)cc2C(C(=O)Nc2cncc3ccc(NS(C)(=O)=O)cc23)C1,1.0
O=C(Nc1cncc2ccccc12)C1CN(S(=O)(=O)NC2CCC2)Cc2ccc(Cl)cc21,1.0
CC1(n2cc(CNCC3(C(=O)Nc4cncc5ccccc45)CCOc4ccc(Cl)cc43)cn2)CCS(=O)(=O)C1,0.0
O=C(Cc1cccc(Cl)c1)Nc1cncn1-c1ccccc1,0.0
CC(NC(=O)CN1CCN(C2CC2)C1=O)(C(=O)Nc1cncc2ccccc12)c1ccc(Cl)c(Cl)c1,1.0
CN1CCCC(N(C(=O)c2cocn2)C(C(=O)NCCc2cccc(F)c2)c2cccnc2)C1,0.0
O=C(CC1(C(=O)Nc2cncc3ccccc23)CCOc2ccc(Cl)cc21)N1CCOCC1CC(F)F,0.0
CS(=O)(=O)Nc1cccc(C2=NN(C(=O)CCl)C(c3ccccc3)C2)c1,1.0
COC(=O)C(C)NC(=O)C(c1cccnc1)N(C(=O)c1cocn1)c1ccc(C(C)(C)C)cc1,1.0
COC1(CS(=O)(=O)N2Cc3ccc(Cl)cc3C3(CCN(c4cncc5cc(S(C)(=O)=O)ccc45)C3=O)C2)CC1,1.0
O=C(Nc1cncc2ccccc12)C1CN(S(=O)(=O)N2CCCC2CO)Cc2ccc(Cl)cc21,1.0
Cc1ccc(S(=O)(=O)N2CCN(C(=O)c3cc(=O)[nH]c4cc(F)ccc34)CC2)c(C)c1,0.0
N#Cc1ccc(CN2CCC(C3CCNC3)CC2)cc1,1.0
Cc1cccc2ncnc(NC(C)c3ccc4[nH]c(=O)[nH]c4c3)c12,0.0
CNC(=O)CN1CC(C(=O)Nc2cncc3cccc(C)c23)c2cc(Cl)ccc2C1=O,1.0
O=C(NC1(C(=O)Nc2cncc3ccccc23)CCOc2ccc(Cl)cc21)C1CCC(C(=O)N2CCCC2)O1,1.0
O=C(Cc1cccc(F)c1F)Nc1cncc2ccccc12,0.0
Cc1ccncc1NC(=O)Cc1ccc2[nH]ncc2c1,0.0
O=C(Cc1cc(Cl)cc(Cl)c1)Nc1cncc2ccccc12,1.0
CCCCc1nc(-c2nccn2Cc2ccoc2)c[nH]1,0.0
CNC(=O)CN1Cc2ccc(Cl)cc2C2(CCN(c3cncc4c3CCCC4)C2=O)C1,1.0
CS(=O)(=O)c1ccc2cncc(NC(=O)C3CCOc4ccc(Cl)cc43)c2c1,1.0
CC(C)(CNC(=O)C1CNC(=O)N1)N1CCc2ccccc2C1,0.0
CCOC(=O)Cn1cc(C(=O)N(c2ccc(C(C)(C)C)cc2)C(C(=O)NCCc2cccc(F)c2)c2cccnc2)nn1,0.0
CC1NCCn2c(-c3nc(-c4cnc5cnccn45)no3)ccc21,0.0
CC(=O)N(CC(=O)Nc1ccc(F)c(Cl)c1)c1cccc(Cl)c1,0.0
NC(=O)C1Cc2ccccc2CN1CC(=O)N1CCN(c2ncccn2)CC1,0.0
O=C(Cc1cccc(Cl)c1)N1Cc2ccccc2C(O)C1,0.0
CN(C)C(=O)COCC1(C(=O)Nc2cncc3ccccc23)CCOc2ccc(Cl)cc21,1.0
O=C1Nc2ccc(Br)cc2C1=O,0.0
CC(C)(O)c1ccc2cncc(NC(=O)C3CN(S(=O)(=O)CC4(C#N)CC4)Cc4ccc(Cl)cc43)c2c1,1.0
O=C(Cn1nc2n(c(=O)c1=O)CCC2)NC(C(=O)Nc1cncc2ccccc12)c1cccc(Cl)c1,1.0
C[C@]1(C(=O)Nc2cncc3ccccc23)CNS(=O)(=O)c2ccc(Cl)cc21,1.0
O=C(Cc1cccc(Cl)c1)Nc1cncc2c1NCCC2,0.0
Cc1[nH]c2ccccc2c1C(=O)CSc1nc2cc(Cl)cnc2[nH]1,0.0
Cc1cccc(CC(=O)Nc2cncc3ccccc23)c1,1.0
O=C(Nc1cncc2ccccc12)C(NC(=O)[C@H]1CC[C@H](C(=O)N2CCCC2)O1)c1cccc(Cl)c1,1.0
O=C(Nc1cncc2ccccc12)C1CCSc2ccc(Cl)cc21,1.0
O=C(Cc1cccc(Cl)c1)Nn1cnc2ccccc21,1.0
CO[C@@]1(C(=O)Nc2cncc3ccccc23)CCOc2ccc(Cl)cc21,1.0
O=C(Nc1cncc2ccccc12)C1COc2ccc(Cl)cc21,1.0
O=C(Nc1ccncc1)[C@@H](c1ccccc1)N1Cc2ccccc2C1=O,0.0
Cc1nccn1Cc1ccc2c(NC(=O)C3CCOc4ccc(Cl)cc43)cncc2c1,1.0
C[C@]1(C(=O)Nc2cncc3c2CCCC3)CNS(=O)(=O)c2ccc(Cl)cc21,1.0
O=C(NNc1nc2cccnc2s1)c1ccc2ccncc2c1,0.0
CC(C)C[C@@H]1CN(C(=O)CCl)CCN1Cc1cccc(Cl)c1,1.0
NC(=O)c1ccn(-c2ccc(CNCC3(C(=O)Nc4cncc5ccccc45)CCOc4ccc(Cl)cc43)cn2)n1,1.0
Cc1cc2c(cc1C)C(C(=O)N1CCCCC1c1cn[nH]c1)CO2,0.0
COc1ccc2nc(NC(=O)Nc3cn(CC(C)C)c(=O)c4ccccc34)sc2c1,0.0
O=C(Nc1cncc2c1CCCC2)[C@@H]1CNS(=O)(=O)c2ccc(Cl)cc21,1.0
Cc1cc(C(=O)CCl)c(C)n1CC1COc2ccccc2O1,1.0
CN1Cc2c(Cl)cc(Cl)cc2[C@H](c2cccc(S(=O)(=O)NCCOCCOCCNC(=O)NCCCCNC(=O)NCCOCCOCCNS(=O)(=O)c3cccc([C@@H]4CN(C)Cc5c(Cl)cc(Cl)cc54)c3)c2)C1,0.0
Cc1ccncc1NC(=O)Cc1cc(Cl)cc(-c2ncc[nH]2)c1,0.0
O=C(COc1ccccc1F)Nc1ncnc2[nH]cnc12,0.0
CCC(CC)COC(=O)[C@H](C)NP(=O)(OC[C@H]1O[C@@](C#N)(c2ccc3c(N)ncnn23)[C@H](O)[C@@H]1O)Oc1ccccc1,0.0
C[C@H](C/C=C/C(C)(C)O)[C@H]1CC[C@@]2(C)[C@@H]3C=C[C@@]45OC[C@]3(CC[C@]12C)[C@@H]4CC[C@H](O)C5(C)C,0.0
Cc1ccncc1NC(=O)[C@@H](C)OC(F)F,0.0
COc1ccc2c(N)nn(C(=O)C3CCOc4ccc(Cl)cc43)c2c1,0.0
O=C(NCCc1cccc(F)c1)C(c1cccnc1)N(C(=O)c1cocn1)c1ccc(C(F)(F)F)nc1,0.0
O=C(Nc1cncc2ccccc12)C(NC(=O)[C@@H]1CC[C@H](C(=O)N2CCCC2)O1)c1cccc(Cl)c1,1.0
O=C(Oc1cncc2ccccc12)C1CCOc2ccc(Cl)cc21,1.0
O=C(Nc1cnc2ccccn12)C1CCOc2ccc(Cl)cc21,1.0
CN1CCN(c2cncc3ccccc23)C(=O)C1c1cccc(Cl)c1,1.0
CC(=O)N1CC[C@@H](C(=O)Nc2cncc3ccccc23)c2cc(Cl)ccc21,0.0
O=C(Nc1cncc2cc(F)ccc12)[C@H]1CCS(=O)(=O)c2ccc(Cl)cc21,0.0
CNC(=O)CN1CC(C(=O)Nc2cncc3ccc(NS(C)(=O)=O)cc23)c2cc(Cl)ccc2C1=O,1.0
CC1(C(=O)Nc2cncc3ccccc23)CN(CC2CC2)S(=O)(=O)c2ccc(Cl)cc21,1.0
CC(C)(C)c1ccc(N(C(=O)c2cc(O)cc(=O)o2)C(C(=O)NCCc2cccc(F)c2)c2cccnc2)cc1,0.0
CC(C)(C)c1ccc(N(C(=O)c2cncs2)C(C(=O)NCCc2cccc(F)c2)c2cccnc2)cc1,0.0
O=C(Cn1cc(Cl)c(=O)[nH]c1=O)NC(C(=O)Nc1cncc2ccccc12)c1cccc(Cl)c1,1.0
O=C(Cc1cccc(Cl)c1)Nn1nnc2ccccc21,0.0
N#Cc1ccc(N(C(=O)c2cocn2)C(C(=O)NCCc2cccc(F)c2)c2cccnc2)cc1,0.0
C=CC(=O)NCC(=O)N(Cc1ccccc1)C[C@@]1(O)CN2CCC1CC2,0.0
Cc1noc(C)c1CCNC(=O)Nc1cn(CC(C)C)c(=O)c2ccccc12,0.0
C=CC(=O)N(c1cc(C(C)(C)C)on1)C(C(=O)NCCc1cccc(F)c1)c1cncc(Cl)c1,1.0
CC(C)(C)N1C=CN(C(C)(C)C)C1[Au]Cl,1.0
CNC(=O)CC1(C(=O)Nc2cncc3ccccc23)CCOc2ccc(Cl)cc21,1.0
O=C1CCCCC(C(=O)Nc2ccc(-c3nc[nH]n3)cc2F)N1,0.0
C=CC(=O)N(c1ccc(C(C)(C)C)cc1)C(C(=O)NCCOC)c1cccnc1,0.0
O=C(Nc1cncc2ccccc12)C1CCOc2cc(F)c(Cl)cc21,1.0
Nc1nn(C(=O)C2CCOc3ccc(Cl)cc32)c2ccncc12,0.0
CC(C)(C)c1ccc(N(C(=O)c2cn3ccccc3n2)C(C(=O)NCCc2cccc(F)c2)c2cccnc2)cc1,0.0
O=C1CC(C(=O)N2CCN(c3cccc(Cl)c3)CC2)c2ccccc2N1,0.0
CC(C)Oc1ccc(N(C(=O)c2c[nH]cn2)C(C(=O)NCCc2cccc(F)c2)c2cccnc2)cc1,1.0
C=CC(=O)N(c1ccc(C(C)OC)cc1)C(C(=O)Nc1cccc(CC)c1)c1cccnc1,0.0
C=CC(=O)N(Cc1cccc(Cl)c1)C(C(=O)NCCc1cccc(F)c1)c1cnccc1C,0.0
O=C(Cn1ccc(=O)[nH]c1=O)OCc1ccc(-c2ccccc2)cc1,0.0
C=CC(=O)N(c1ccc(C(C)(C)C)cc1)[C@@H](C(=O)NCCc1cccc(F)c1)c1cccnc1,0.0
COc1ccc(Cl)cc1OCCNC(=O)c1cc(=O)[nH]c2ccccc12,0.0
COc1ccccc1OC1CN(C(=O)c2cc(=O)[nH]c3ccccc23)C1,0.0
O=C(CCl)N1CCCN(S(=O)(=O)c2cccc(F)c2)CC1,0.0
O=C(Cn1nnc2ccccc21)N(Cc1ccccc1)c1ccc(N2CCOCC2)cc1,0.0
O=C(Nc1cncc2ccccc12)[C@@H]1COc2ccc(Cl)cc2C1,0.0
Cn1cc(C(=O)N(c2ccc(C(C)(C)C)cc2)C(C(=O)NCCc2cccc(F)c2)c2cccnc2)n(C)c1=O,0.0
COc1ccc(N(Cc2cccc(Cl)c2)C(=O)Cn2nnc3ccccc32)cc1,1.0
CC1(CS(=O)(=O)N2Cc3ccc(Cl)cc3[C@H](C(=O)Nc3cncc4ccccc34)C2)CS(=O)(=O)C1,1.0
Cn1cnc2cncc(NC(=O)C3CCOc4ccc(Cl)cc43)c21,0.0
CNC(=O)C1(CC(=O)Nc2cncc3ccccc23)CCOc2ccc(Cl)cc21,0.0
CC(C)(C)c1ccc(N(C(=O)c2ccn[nH]2)C(C(=O)NCCc2cccc(F)c2)c2cccnc2)cc1,1.0
O=C(CCl)N1CCN(Cc2cccc(CNC(=O)N3CCOCC3)c2)CC1,0.0
N#Cc1ncn(CC(=O)Nc2ccc(Br)cc2Cl)n1,0.0
O=C1NC(c2ccc(Cl)c(Cl)c2)C(=O)N1c1cncc2ccccc12,1.0
O=C(Cc1ccc(F)c(Cl)c1)Nc1cncc2ccccc12,1.0
C=CS(=O)(=O)N1CCN(S(=O)(=O)c2ccccc2)CC1,0.0
Cc1cc(C(F)(F)F)nc2n[nH]c(NC(=O)C3CCOc4ccc(Cl)cc43)c12,0.0
O=C(NCCc1cccc(F)c1)C(c1cccnc1)N(C(=O)c1c[nH]cn1)c1ccc(OC(F)F)cc1,0.0
CC(C)(C)c1ccc(N(C(=O)c2nccs2)C(C(=O)NCCc2cccc(F)c2)c2cccnc2)cc1,1.0
CC(NC(=O)CN)(C(=O)Nc1cncc2ccccc12)c1ccc(Cl)c(Cl)c1,1.0
O=C1N(c2cncc3ccccc23)CCC[C@]12CCOc1ccc(Cl)cc12,0.0
O=C(COCC(=O)N1CCCC1)NC(C(=O)Nc1cncc2ccccc12)c1cccc(Cl)c1,1.0
C[C@@H]1COc2ccc(Cl)cc2[C@H]1C(=O)Nc1cncc2ccccc12,0.0
CN1CCN(c2ncc(C(C(=O)NCCc3cccc(F)c3)N(C(=O)c3cocn3)c3ccc(C(C)(C)C)cc3)cn2)CC1,0.0
CNC(C(=O)Nc1cncc2ccccc12)c1ccc(Cl)c(Cl)c1,1.0
O=C(Cc1cccc(Cl)c1)Nc1n[nH]c2ccncc12,0.0
O=C(Cc1ccc(F)cc1)Nc1cncc2ccccc12,1.0
COc1ccc2ncc(NC(=O)Cc3cccc(Cl)c3)n2c1,0.0
CNc1ccc(N(Cc2ccsc2)C(=O)Cn2nnc3ccccc32)cc1,0.0
COc1c(Cl)cccc1OCCNC(=O)c1cc(=O)[nH]c2ccccc12,0.0
N#CC1(CS(=O)(=O)N2Cc3ccc(Cl)cc3C3(CCN(c4cncc5c4CCCC5)C3=O)C2)CC1,1.0
Cn1cnc2cc(N(C(=O)c3cocn3)C(C(=O)NCCc3cccc(F)c3)c3cccnc3)ccc21,0.0
O=C1N(c2cncc3ccccc23)CCC12CCOc1ccc(Cl)cc12,1.0
CC(NC(=O)c1ccc2oc(=S)[nH]c2c1)c1nnc2ccccn12,0.0
COc1cccc(CC(=O)Nc2cncc3ccccc23)c1,0.0
Cc1ccc(NC2=C(c3ccccc3)C(=O)N(Cc3cccnc3)C2=O)cc1Cl,0.0
CC(C)(O)c1ccc2c(NC(=O)Cc3cccc(Cl)c3)cncc2c1,1.0
CNC(=O)CN1Cc2ccc(Cl)cc2C(C(=O)Nc2cncc3ccccc23)C1,1.0
COc1ccc(CN2C(=O)C(=O)c3cc(Br)cc(C)c32)cc1OC,1.0
CS(=O)(=O)c1ccc2c(NC(=O)C3CN(CC(=O)NC4CCC4)C(=O)c4ccc(Cl)cc43)cncc2c1,1.0
C=CC(=O)N(c1ccc2ncsc2c1)C(C(=O)Nc1cccc(CC)c1)c1cccnc1,0.0
COCCn1nc(C(=O)N(c2ccc(C(C)(C)C)cc2)C(C(=O)NCCc2cccc(F)c2)c2cccnc2)ccc1=O,0.0
O=C(Nc1cncc2ccccc12)C1CN(S(=O)(=O)CC2CS(=O)(=O)C2)Cc2ccc(Cl)cc21,1.0
O=C(NCCc1cccc(F)c1)C(c1cccnc1)N(C(=O)c1cocn1)c1ccc(S(=O)(=O)C2CCCC2)cc1,0.0
O=C(Nc1ccccc1)[C@@H]1CN(C(=O)CCl)CCN1S(=O)(=O)c1ccsc1,1.0
CNC(=O)CN1C[C@@H](C(=O)Nc2cncc3ccccc23)c2cc(Cl)ccc2C1=O,1.0
CCOc1c(Cl)cccc1CC(=O)Nc1cncc2ccccc12,1.0
COc1ccc(NC(=O)[C@@H]2CN(C(=O)CCl)CCN2S(=O)(=O)c2ccsc2)cc1,1.0
CN(C)C(=O)N1Cc2ccc(Cl)cc2C(C(=O)Nc2cncc3ccccc23)C1,1.0
COc1cc(OC)[n+](C)c(C#N)n1,0.0
O=C1N(c2cncc3ccccc23)CCC12CN(S(=O)(=O)N1CCC1)Cc1ccc(Cl)cc12,1.0
C=CC(=O)N(c1ccc(C(C)(C)C)cc1)C(C(=O)NCC)c1cccnc1,0.0
N#CC1CN(S(=O)(=O)N2Cc3ccc(Cl)cc3C3(CCN(c4cncc5ccccc45)C3=O)C2)C1,1.0
N#Cc1cccc(CN2C(=O)C(=O)c3cccc(Br)c32)c1,1.0
CC(C)(C)NC(=O)CN1CC(C(=O)Nc2cncc3cc(F)ccc23)c2cc(Cl)ccc2C1=O,1.0
O=C(Nc1cncc2ccc(C(F)(F)F)cc12)C1CCOc2ccc(Cl)cc21,0.0
COc1c(O[C@@H]2O[C@H](CO)[C@@H](O)[C@H](O)[C@H]2O)cc2oc(-c3ccc(O)cc3)cc(=O)c2c1O,0.0
C=CC(=O)N(c1ccc(C2(C)CC2)cc1)C(C(=O)Nc1ccc(Br)cc1)c1cccnc1,0.0
O=C(Cn1nnc2ccccc21)Nc1cccc(Cl)c1,0.0
O=C(Nc1cncc2ccc(F)cc12)[C@@H]1CCNc2cc(Cl)c(Cl)cc21,0.0
Cn1ncc2c(=O)n(CC(=O)NC(C(=O)Nc3cncc4ccccc34)c3cccc(Cl)c3)cnc21,0.0
Cc1ccncc1NC(=O)Cc1cccc(-c2cn[nH]c2)c1,0.0
CSc1ccc(CN(C(=O)c2ccco2)C(C(=O)NCCc2cccc(F)c2)c2cccnc2)cc1C#N,0.0
CN(C)C(=O)CN1CCc2ccc(Cl)cc2C1C(=O)Nc1cncc2ccccc12,1.0
CCOC(=O)c1ccc(NC(=O)Nc2cn(C)c(=O)c3ccccc23)cc1,0.0
C=CC(=O)N(Cc1ccccc1Cl)C(C(=O)NC(C)(C)C)c1cccnc1,0.0
CCS(=O)(=O)c1ccc(CNS(=O)(=O)c2cnc(-c3ccccc3)s2)s1,0.0
O=C(Nc1cncc2ccc(F)cc12)[C@@H]1CCOc2ccc(Cl)cc21,1.0
CC1(CS(=O)(=O)N2Cc3ccc(Cl)cc3[C@@H](C(=O)Nc3cncc4ccccc34)C2)CS(=O)(=O)C1,0.0
CC1(CS(=O)(=O)N2Cc3ccc(Cl)cc3[C@@H](C(=O)Nc3cncc4ccccc34)C2)CC1,1.0
CN(Cc1cccc2ccccc12)c1cc(Cl)cc(CC(=O)Nc2cncc3ccccc23)c1,1.0
Cc1ccc(NC2=C(c3ccccc3)C(=O)N(Cc3cccnc3)C2=O)c(C)c1,0.0
O=C(Cc1cccc(Cl)c1)Nc1cccnc1,0.0
O=C(Nc1cncc2ccc(O)cc12)C1CCOc2ccc(Cl)cc21,1.0
Cc1ccc(-n2c(C)c(C)n3c4c(=O)n(CCCO)c(=O)n(C)c4nc23)cc1Cl,0.0
O=C(Nc1cncc2ccccc12)C(NCC1CC1)c1ccc(Cl)c(Cl)c1,1.0
COC1(C(=O)Nc2cncc3cc(F)ccc23)CCOc2ccc(Cl)cc21,1.0
COc1ccccc1NCCNC(=O)c1cc(=O)[nH]c2ccccc12,0.0
CC1(NC(=O)CN2Cc3ccc(Cl)cc3C3(CCN(c4cncc5ccccc45)C3=O)C2)CC1,1.0
CC1C(=O)NCCN1C(=O)CCCc1c[nH]c2ccccc12,0.0
CS(=O)(=O)N1Cc2ccc(Cl)cc2[C@@H](C(=O)Nc2cncc3ccccc23)C1,0.0
CN(C)CCCN(Cc1cccs1)C(=O)Cc1cncc2ccccc12,0.0
O=C(Cc1cccc(Cl)c1)Nc1c[nH]c(=O)c2ccccc12,0.0
CC(C)(C)c1ccc(N(C(=O)c2c[nH]c(=O)s2)C(C(=O)NCCc2cccc(F)c2)c2cccnc2)cc1,0.0
Cc1ccc(CC(=O)Nc2cncc3ccccc23)cc1Cl,1.0
C=CC(=O)N(c1ccc(C(C)(C)C)cc1)C(C(=O)Nc1ccc(OC)cc1C)c1cccnc1,0.0
COc1ncc(NC(=O)Cc2cccc(Cl)c2)c2ccccc12,0.0
O=C(Nc1c[n+]([O-])cc2ccccc12)[C@H]1CCOc2ccc(Cl)cc21,0.0
O=C(Cc1cc(Cl)cc2c1OCC2)Nc1cncc2ccccc12,1.0
CNC(=O)CN1CC2(CCN(c3cncc4ccccc34)C2=O)c2cc(Cl)ccc2S1(=O)=O,1.0
CS(=O)(=O)Oc1ccc2c(NC(=O)Cc3cccc(Cl)c3)cncc2c1,1.0
O=C(Nc1cncc2cnccc12)C1CCNc2cc(Cl)c(Cl)cc21,1.0
Cn1c(=O)[nH]c2cncc(NC(=O)C3CCOc4ccc(Cl)cc43)c21,0.0
CN(C)CCOc1ccc2cncc(NC(=O)C3CN(S(=O)(=O)CC4(C#N)CC4)Cc4ccc(Cl)cc43)c2c1,1.0
NS(=O)(=O)c1ccc(CNCC2(C(=O)Nc3cncc4ccccc34)CCOc3ccc(Cl)cc32)cc1F,1.0
N#CC1(CS(=O)(=O)N2Cc3ccc(Cl)cc3[C@]3(CC(=O)N(c4cncc5ccccc45)C3=O)C2)CC1,0.0
COc1ccc2c(c1)CN(C(=O)CCl)C(c1ccccc1)C2,1.0
COc1cc(Cl)c(C)cc1NC(=O)Nc1cn(C)c(=O)c2ccccc12,0.0
O=C(Nc1cncc2ccccc12)C1COc2c(Cl)cccc21,1.0
COC1(C(=O)Nc2cncc3ccncc23)CCOc2ccc(Cl)cc21,1.0
O=C(Nc1cncc2ccncc12)C1CCNc2cc(Cl)c(Cl)cc21,1.0
O=C(CCl)N1CCN(C(c2ccccc2)C2CCCCC2)CC1,1.0
C/C=C/C=C/C(=O)N1CC=C(c2c[nH]c3ncccc23)CC1,0.0
O=C(Cc1cncc2ccccc12)N(CCC1CCCCC1)c1cccc(Cl)c1,1.0
C=CC(=O)N(Cc1ccccc1Cl)C(C(=O)NC)c1cncc2ccccc12,0.0
O=C(Cc1ccc(Cl)cc1)Nc1cncc2ccccc12,0.0
CN(CCO)S(=O)(=O)N1Cc2ccc(Cl)cc2C(C(=O)Nc2cncc3ccccc23)C1,1.0
CC(C)(C)c1ccc(N(C(=O)c2ccc(Cl)o2)C(C(=O)NCCc2cccc(F)c2)c2cccnc2)cc1,1.0
O=C(CCl)N1CCCN(S(=O)(=O)c2c(F)cccc2F)CC1,0.0
O=C(NCC1(C(=O)Nc2cncc3ccccc23)CCOc2ccc(Cl)cc21)C1COCCN1CC(F)(F)F,0.0
CC1(c2ccc(N(C(=O)c3cocn3)C(C(=O)NCCc3cccc(F)c3)c3cccnc3)cc2)OCCO1,0.0
Cc1ccccc1CN(C(=O)c1cocn1)C(C(=O)NCCc1cccc(F)c1)c1cccnc1,0.0
CC(CNC(=O)c1cnc2ccccn12)Nc1nc2ccccc2o1,0.0
Cc1ccncc1NC(=O)CCc1cccc(Cl)c1,0.0
Cc1cc(Nc2ccc3nc(C)sc3c2)n2ncnc2n1,0.0
Cn1ccc(CN2Cc3ccc(Cl)cc3C(C(=O)Nc3cncc4ccc(F)cc34)C2)n1,1.0
C=CC(=O)N1CCN(S(=O)(=O)c2cccc(F)c2)CC1,0.0
O=C(Cc1cccc(Cl)c1)Nc1cncc2cn[nH]c12,1.0
O=C(NCCc1cccc(F)c1)C(c1cccnc1)N(C(=O)c1cocn1)[C@H]1C[C@H](Oc2ccccc2)C1,0.0
Cc1noc(COc2cc(Cl)cc(CC(=O)Nc3cnccc3C)c2)n1,0.0
CCOC(=O)N1CCC(NC(=O)Nc2cn(C)c(=O)c3ccccc23)CC1,0.0
Cn1ccn2c(CNc3nc4ccccc4s3)nnc2c1=O,0.0
CC(C)(C)NC(=O)CN1CC(C(=O)Nc2cncc3ccccc23)c2cc(Cl)ccc2C1=O,1.0
CC(C)(C)c1ccc(N(C(=O)c2c[nH]cn2)C(C(=O)NCCc2cccc(F)c2)c2cccnc2)cc1,1.0
CO[C@]1(C(=O)Nc2cncc3ccccc23)CCOc2ccc(Cl)cc21,0.0
Cc1cc(C)[n+](C)c(C#N)n1,0.0
O=C(NCCc1cccc(F)c1)C(c1cccnc1)N(C(=O)c1c[nH]cn1)C1CCCCCC1,0.0
CN(C)CCOc1ccc2cncc(NC(=O)Cc3cccc(Cl)c3)c2c1,1.0
CC(C)(C)c1ccc(N(C(=O)c2c[nH]c(=O)[nH]2)C(C(=O)NCCc2cccc(F)c2)c2cccnc2)cc1,0.0
CS(=O)(=O)c1ccc2c(N3CCC4(CN(S(=O)(=O)CC5(C#N)CC5)Cc5ccc(Cl)cc54)C3=O)cncc2c1,1.0
Cc1nc2cc(C(=O)NNc3nc4ccncc4s3)ccc2o1,0.0
C=CC(=O)NCC(=O)N(CCN1CCOCC1)Cc1sccc1Br,0.0
N#CC1(CS(=O)(=O)N2Cc3ccc(Cl)cc3C(C(=O)Nc3cncc4ccccc34)C2)CCOCC1,1.0
CCNC(=O)CN1CC2(CCN(c3cncc4ccccc34)C2=O)c2cc(Cl)ccc2S1(=O)=O,1.0
Cn1cc(-c2cc(C(=O)N(c3ccc(C(C)(C)C)cc3)C(C(=O)NCCc3cccc(F)c3)c3cccnc3)on2)cn1,0.0
Cc1cccc(CN2CCN(c3nc4ccccc4nc3C)CC2)c1,0.0
CC(C)(C)c1ccc(N(C(=O)c2cc(C3(O)COC3)on2)C(C(=O)NCCc2cccc(F)c2)c2cccnc2)cc1,0.0
C[C@@H]1NC(=O)c2ccc(Cl)cc2[C@@H]1C(=O)Nc1cncc2ccccc12,1.0
O=C(Nc1cncc2ccccc12)C1CN(S(=O)(=O)CC2CC2(F)F)Cc2ccc(Cl)cc21,1.0
COc1ccc(OC)c(CCNC(=O)Nc2cn(CC(C)C)c(=O)c3ccccc23)c1,0.0
O=C(Nc1cncc2ccccc12)C1CCOc2c(O)cc(Cl)cc21,1.0
O=C(NCCc1cccc(F)c1)C(c1cccnc1)N(C(=O)c1c[nH]cn1)c1cccc(C2COC2)c1,0.0
Cn1ncc2cc(N(C(=O)c3c[nH]cn3)C(C(=O)NCCc3cccc(F)c3)c3cccnc3)ccc21,0.0
Cc1ccncc1NC(=O)C(C)(C)c1cccc(Cl)c1,0.0
Cc1ccc(-n2ncc3c(=O)n(CC(N)=O)cnc32)cc1C,0.0
C#CCCCC(=O)N[C@H](C(=O)N[C@H](CC(C)C)C(=O)NN(CCC(N)=O)C(=O)CCl)C(C)(C)C,1.0
N#CC1(CS(=O)(=O)N2Cc3ccc(Cl)cc3[C@H](C(=O)Nc3cncc4ccccc34)C2)CCS(=O)(=O)CC1,1.0
CC(C)(C)OC(=O)NC(CCO)CNCC1(C(=O)Nc2cncc3ccccc23)CCOc2ccc(Cl)cc21,1.0
CC1(C(=O)Nc2cncc3ccccc23)CN(S(=O)(=O)CC2(C#N)CC2)Cc2ccc(Cl)cc21,1.0
O=C(c1cc(=O)[nH]c2ccccc12)N1CCN(c2ccccc2)CC1,0.0
C[C@@H]1COc2ccc(Cl)cc2[C@@H]1C(=O)Nc1cncc2ccccc12,1.0
CCCc1cc2c(cc1S(=O)(=O)N1CCN(c3ccccc3OC)CC1)OCO2,0.0
Cc1cccn2ncc(NC(=O)C3CNC(=O)c4ccc(Cl)cc43)c12,1.0
O=C(Nc1cncc2ccccc12)C(NC(=O)[C@@H]1CCCO1)c1cccc(Cl)c1,1.0
Nc1nn(C(=O)Cc2cccc(Cl)c2)c2cccc(F)c12,0.0
Cc1ccn2cnnc2c1NC(=O)C1CCOc2ccc(Cl)cc21,0.0
O=C(NCCc1cccc(F)c1)C(c1cccnc1)N(C(=O)c1ccco1)c1cccc(CSC2CCOCC2)c1,0.0
Cn1cc(NC(=O)NCCCN2CCc3ccccc3C2)c2ccccc2c1=O,0.0
Cc1ccncc1C(C(=O)NCCc1cccc(F)c1)N(C(=O)c1cocn1)c1ccc(C(C)(C)C)cc1,1.0
O=C1CC(NC(=O)C2CCOc3ccc(Cl)cc32)CCN1,0.0
CSc1ccc(C2c3c(-c4ccccc4O)n[nH]c3C(=O)N2Cc2cccnc2)cc1,0.0
CC(C)(C)c1ccc(N(C(=O)c2ccco2)C(C(=O)NCCN2CCOCC2)c2cccnc2)cc1,1.0
Cn1cc(NC(=O)NCCc2ccsc2)c2ccccc2c1=O,0.0
Cc1ccncc1NC(=O)Cc1cccc(C#N)c1,0.0
COc1ccc2cncc(NC(=O)[C@]3(OC)CCOc4ccc(Cl)cc43)c2c1,1.0
CS(=O)(=O)Nc1ccc(Cl)cc1C(=O)N1CCC(C2CCNC2)CC1,0.0
O=C(NCCc1cccc(F)c1)C(c1cccnc1)N(Cc1c(O)ccc2c1CCCC2)C(=O)c1ccco1,0.0
O=C(Nc1cncc2ccccc12)C1CN(S(=O)(=O)C2CCOC2)Cc2ccc(Cl)cc21,1.0
O=C1NC2(CCOc3ccc(Cl)cc32)C(=O)N1c1cncc2ccccc12,1.0
Cc1ccncc1N1CCC(c2cccc(Cl)c2)C1=O,0.0
COc1ccc2cncc(N3CCC4(CN(S(=O)(=O)CC5(C#N)CC5)Cc5ccc(Cl)cc54)C3=O)c2c1,1.0
O=C(Nc1cncc2ccccc12)C1COCc2ccc(Cl)cc21,1.0
COc1ccc(N(Cc2ccccc2)C(=O)Cc2c[nH]c3ccccc23)cc1,0.0
O=C(Nc1cncc2ccccc12)[C@@H]1CCOc2cc(F)c(Cl)cc21,1.0
COc1cc(Cl)cc2c1OCC[C@@H]2C(=O)Nc1cncc2ccccc12,0.0
O=C(NCCc1cccc(F)c1)C(c1cccnc1)N(C(=O)c1cocn1)c1ccc(-n2cc[nH]c2=O)cc1,0.0
CC(C)Cn1cc(NC(=O)NCCN2CCOCC2)c2ccccc2c1=O,0.0
Nc1nn(C(=O)Cc2cccc(Cl)c2)c2cccnc12,0.0
CC(C)C1NC(=O)C(CCCCN)NC(=O)C(Cc2c[nH]c3ccccc23)NC(=O)C(Cc2ccc(O)cc2)NC(=O)C(NC(=O)C(N)Cc2ccc3ccccc3c2)CSSCC(C(=O)NC(C(N)=O)C(C)O)NC1=O,0.0
Cc1cc(C)c(C)c(S(=O)(=O)N2CCN(C(=O)c3cc(=O)[nH]c4ccccc34)CC2)c1C,1.0
Cc1cccc(NC(=O)[C@@H](c2ccccc2)N2Cc3ccccc3C2=O)n1,0.0
O=C(CCl)N1CCN(Cc2cccc(Cl)c2)C[C@@H]1Cc1ccccc1,0.0
O=C1CC(NC(=O)Cc2cccc(Cl)c2)CN1,0.0
O=C(Cc1cccc(Cl)c1)Nc1cccc2[nH]ncc12,0.0
Cc1nn(C)c2nc(Cl)cc(NNC(=O)c3ccnc4[nH]nnc34)c12,0.0
COc1cc(OC)cc(-c2nc(-c3c(C)nc4sccn34)no2)c1,0.0
Cc1noc2ncc(CNc3ccc(-c4nnnn4C)cc3)cc12,0.0
Cc1ccc(Nc2ccccc2C(=O)N2CCC(C3CCNC3)CC2)cc1,0.0
COc1nc2ncc(C(C(=O)NCCc3cccc(F)c3)N(C(=O)c3cocn3)c3ccc(C(C)(C)C)cc3)cn2n1,0.0
N#CC1(CS(=O)(=O)N2Cc3ccc(Cl)cc3C3(CCN(c4cncc5ccccc45)C3=O)C2)CCCC1,1.0
Cn1c(=O)oc2cc(S(=O)(=O)Nc3ccc4ncccc4c3)ccc21,0.0
COCCOC(C(=O)Nc1cncc2ccccc12)c1ccc(Cl)c(Cl)c1,1.0
O=C(Nc1cncc2ccc(F)cc12)C1CCOc2ccc(Cl)cc21,1.0
O=C(CCl)N1CCN(Cc2cccc(Cl)c2)CC1,1.0
CNC(=O)C1(N2C[C@]3(CCN(c4cncc5ccccc45)C3=O)c3cc(Cl)ccc3C2=O)CC1,0.0
CCNC(=O)CN1CC(C(=O)Nc2cncc3ccccc23)c2cc(Cl)ccc2C1=O,1.0
O=C(Nc1cncc2ccccc12)C1CCOc2c(OCc3ccccn3)cc(Cl)cc21,1.0
O=C(c1cc(=O)[nH]c2ccccc12)N1CCN(Cc2cccc(Cl)c2)CC1,1.0
Cn1cc(NC(=O)NCc2ccccn2)c2ccccc2c1=O,0.0
O=C(Cc1cc(Cl)cc(NCc2ccc(Br)cc2)c1)Nc1cncc2ccccc12,0.0
O=C(Nc1nncn1C1CC1)C1CCS(=O)(=O)c2ccccc21,0.0
CC(C)(C)Oc1ccncc1NC(=O)Cc1cccc(Cl)c1,0.0
CCCNC(=O)CN1CC(C(=O)Nc2cncc3cc(S(C)(=O)=O)ccc23)c2cc(Cl)ccc2C1=O,1.0
COc1cccc(CN2CCN(C(=O)c3cc(=O)[nH]c4ccccc34)CC2)c1,0.0
CC1(C(=O)Nc2cncc3ccc(F)cc23)CNS(=O)(=O)c2ccc(Cl)cc21,1.0
CO[C@]1(C(=O)Nc2cncc3ccccc23)CCOc2cc(Cl)c(Cl)cc21,1.0
O=C(Cc1cc(F)ccc1F)Nc1cncc2ccccc12,1.0
CNC(=O)CN1C[C@@H](C(=O)Nc2cncc3ccc(F)cc23)c2cc(Cl)ccc2C1=O,1.0
COC(=O)[C@@H]1C[C@H](NC(=O)C(c2cccnc2)N(C(=O)c2cocn2)c2ccc(C(C)(C)C)cc2)CN1C(=O)OC(C)(C)C,1.0
Nc1nn(C(=O)Cc2cccc(Cl)c2)c2ccccc12,0.0
O=C(Nc1cncc2ccccc12)C1NCCc2ccc(Cl)cc21,1.0
O=C1N(c2cncc3ccccc23)CC[C@@]1(O)c1cccc(Cl)c1,0.0
CNC(=O)CN1Cc2ccc(Cl)cc2[C@@]2(CCN(c3cncc4ccccc34)C2=O)C1,1.0
O=C(Nc1cnc2nccn2c1)c1cn2c(Br)cnc2s1,0.0
CC(C)CCN1C(=O)C(=O)c2cc(Br)ccc21,0.0
O=C(Nc1cncc2ccccc12)C1=CCCc2ccc(Cl)cc21,1.0
Cc1ccccc1NC(=O)CC1SC(=O)N(c2ccccc2)C1=O,1.0
C=CC(=O)N(c1ccc(C(C)(C)C)cc1)[C@H](C(=O)NCCc1cccc(F)c1)c1cccnc1,1.0
O=C(Nc1cncc2ccncc12)[C@@H]1CCOc2cc(F)c(Cl)cc21,1.0
Cc1cc(O)c2cc(NC(=O)c3cnn4ccc(C)nc34)ccc2n1,0.0
CC(C)(C)c1ccc(N(C(=O)c2ccno2)C(C(=O)NCCc2cccc(F)c2)c2cccnc2)cc1,1.0
CNC(=O)c1ccc2c(NC(=O)Cc3cccc(Cl)c3)cncc2c1,1.0
Cn1nc(C(=O)N2CCOCC2)cc1C(=O)N(c1ccc(C(C)(C)C)cc1)C(C(=O)NCCc1cccc(F)c1)c1cccnc1,0.0
CN(C)c1ccc(N(Cc2cccc(Cl)c2)C(=O)Cn2nnc3ccccc32)cc1,1.0
O=C(Nc1nncn1C1CC1)C1CCOc2ccc(Cl)cc21,0.0
COc1ccc2nnn(CC(=O)N(Cc3ccccn3)c3ccc(C4CCNCC4)cc3)c2c1,0.0
Cc1ccc(S(=O)(=O)N2CCN(C(=O)CCl)C[C@H]2C(=O)NCCc2ccccc2)cc1,0.0
O=S(=O)(c1cc2c(cc1OCc1ccccc1)OCO2)N1CCOCC1,0.0
O=C(Nc1cncc2c1CNCC2)C1CCOc2ccc(Cl)cc21,1.0
CC1(C)Cc2cccc(OCCNC(=O)c3cc(=O)[nH]c4cc(F)ccc34)c2O1,0.0
CCS(=O)(=O)N1CCN(c2cc(Cl)cc(CC(=O)Nc3cncc4ccccc34)c2)CC1,1.0
C=CC(=O)NCc1ccccc1S(=O)(=O)NC(C)(C)C,0.0
C[C@@]1(C(=O)Nc2cncc3ccccc23)CCOc2ccc(Cl)cc21,1.0
O=C1CC(Oc2cc(Cl)cc(CC(=O)Nn3cnc4ccccc4c3=O)c2)N1,0.0
COC(C(=O)Nc1cncc2ccccc12)c1ccc(Cl)c(Cl)c1,1.0
CC(NC(=O)c1cc2n(n1)CCO2)(C(=O)Nc1cncc2ccccc12)c1ccc(Cl)c(Cl)c1,1.0
O=C(Nc1cncc2ccccc12)C12CC(C1)Oc1ccc(Cl)cc12,0.0
O=[N+]([O-])c1cnc(Sc2nnc(-c3ccco3)n2-c2ccc(OCc3ccccc3)cc2)s1,1.0
CC(C)(C)c1ccc(N(C(=O)c2cocn2)C(C(=O)NCCc2cccc(F)c2)c2ccc[nH]c2=O)cc1,0.0
COC(=O)/C=C/C(=O)N(C(=O)[C@@H]1CCOc2ccc(Cl)cc21)c1cncc2ccccc12,1.0
O=S(=O)(Nc1cc2c(cc1OCc1ccccc1)OCO2)c1ccccc1,0.0
O=C(Nc1cncc2ccccc12)C1CCOc2c1ccc(Cl)c2Cl,1.0
O=C(Nc1cncc2ccccc12)C1CCN(Cc2ncn[nH]2)c2ccc(Cl)cc21,1.0
COCCS(=O)(=O)N1Cc2ccc(Cl)cc2C(C(=O)Nc2cncc3ccccc23)C1,1.0
Cc1ccncc1NC(=O)Cc1cncc(Cl)c1,0.0
CC(C)(C)c1ccc(N(C(=O)c2ccco2)[C@@H](C(=O)NCCc2cccc(F)c2)c2cccnc2)cc1,0.0
C=CC(=O)Nc1ccc(O)c(C(=O)NC[C@@H](O)c2ccc3ccccc3c2)c1,0.0
CN(C)CCOc1ccc2c(NC(=O)Cc3cccc(Cl)c3)cncc2c1,1.0
CC(C)OCCCN(Cc1ccco1)C(=O)Nc1cn(C)c(=O)c2ccccc12,0.0
C=CC(=O)N[C@H](Cc1ccccc1)C(=O)NCCN(C)C,0.0
O=C(Nc1cncc2ccccc12)C1(CO)CCOc2ccc(Cl)cc21,1.0
C=CC(=O)N(c1cc(C(C)(C)C)on1)C(C(=O)Nc1cccc(CC)c1)c1cccnc1,0.0
O=C(NCCc1cccc(F)c1)C(c1cccnc1)N(C(=O)c1cocn1)C1COC2(CCCC2)C1,0.0
C[C@H]1[C@H](C)CC[C@]2(C(=O)O[C@@H]3O[C@H](CO[C@@H]4O[C@H](CO)[C@@H](O[C@@H]5O[C@@H](C)[C@H](O)[C@@H](O)[C@H]5O)[C@H](O)[C@H]4O)[C@@H](O)[C@H](O)[C@H]3O)CC[C@]3(C)C(=CC[C@@H]4[C@@]5(C)C[C@@H](O)[C@H](O)[C@@](C)(CO)[C@@H]5CC[C@]43C)[C@H]12,0.0
Cc1ccc(NCc2nnc3n(C)c(=O)c4ccccc4n23)cc1C,0.0
COC(=O)C1(NC(=O)C(c2cccnc2)N(C(=O)c2cocn2)c2ccc(C(C)(C)C)cc2)CCCC1,1.0
O=C(NCCO)c1ccc(N(C(=O)c2cocn2)C(C(=O)NCCc2cccc(F)c2)c2cccnc2)cc1,0.0
O=C(CCl)N1CCN(S(=O)(=O)c2cccc(F)c2)CC1,1.0
CSCCCNC(=O)C(c1cccnc1)N(C(=O)c1cocn1)c1ccc(C(C)(C)C)cc1,1.0
O=C1CCCCN1c1ccc(N(Cc2ccccc2)C(=O)Cc2n[nH]c3ccccc23)cc1,0.0
COC[C@]1(C(=O)Nc2cncc3ccccc23)CCOc2cc(Cl)c(Cl)cc21,1.0
O=C(CN1CC(C(=O)Nc2cncc3ccccc23)c2cc(Cl)ccc2C1=O)NCC(F)(F)F,1.0
CC(C)(O)c1ccc2cncc(NC(=O)C3CCNc4ccc(Cl)cc43)c2c1,1.0
N#CC1(CS(=O)(=O)NCc2ccc(Cl)cc2CC(=O)Nc2cncc3ccccc23)CC1,1.0
CNC(=O)CN1Cc2ccc(Cl)cc2C(C(=O)Nc2cncc3cc(F)ccc23)C1,1.0
O=C(NNC(=O)c1cccc(-n2nccc2C(F)(F)F)c1)OCc1ccccc1,0.0
Cc1nc(-c2cccc(NCc3ccccc3C)c2)n[nH]1,0.0
CC(C)(C)c1ccc(N(C(=O)c2nc3ncc(CCO)cn3n2)C(C(=O)NCCc2cccc(F)c2)c2cccnc2)cc1,0.0
CO[C@]1(C(=O)Nc2cncc3ccccc23)CCOc2c(F)cc(F)cc21,0.0
CC(C)(C)c1ccc(N(C(=O)c2ccnc(N3CCOCC3)n2)C(C(=O)NCCc2cccc(F)c2)c2cccnc2)cc1,0.0
C[C@@H]1CC[C@@]2(OC1)O[C@H]1C[C@H]3[C@@H]4CC=C5C[C@@H](O)CC[C@]5(C)[C@H]4CC[C@]3(C)[C@]1(O)[C@@H]2C,0.0
NS(=O)(=O)c1cc(CN2CCN(C(c3ccccc3)c3ccccc3)CC2)co1,0.0
Cc1ccncc1NC(=O)Cc1cc(Cl)cc(NS(C)(=O)=O)c1,0.0
O=C(CN(C(=O)Cc1cccnc1)c1ccc(-c2ncccn2)cc1)N1CCNCC1,0.0
O=C(N/N=c1\cc[nH]c2ccccc12)c1ccc2ncccc2c1,0.0
O=C(Cc1cccc(Cl)c1)Nc1cncc2oncc12,0.0
CNCC1CCCN(C(=O)[C@@H](c2ccccc2)N2Cc3ccccc3C2=O)C1,0.0
C[C@@H](C(=O)Nc1cncnc1)c1ccccc1,0.0
COc1ccc2c(NC(=O)C3CCOc4ccc(Cl)cc43)[nH]nc2c1,0.0
CC(C)(C#N)CS(=O)(=O)N1Cc2ccc(Cl)cc2C2(CCN(c3cncc4ccccc34)C2=O)C1,1.0
CC1(CS(=O)(=O)N2Cc3ccc(Cl)cc3C(C(=O)Nc3cncc4ccccc34)C2)CC1,1.0
CS(=O)(=O)c1ccc2cncc(NC(=O)C3CCNc4cc(Cl)c(Cl)cc43)c2c1,1.0
N#Cc1cccc(NC(=O)[C@@H]2CN(C(=O)CCl)CCN2S(=O)(=O)c2ccsc2)c1,1.0
O=C(Cc1cc(Cl)cc(Cc2ccn[nH]2)c1)Nc1cncc2ccccc12,1.0
COC1(CS(=O)(=O)N2Cc3ccc(Cl)cc3C3(CCN(c4cncc5ccc(OCCN(C)C)cc45)C3=O)C2)CC1,1.0
CCN1CCCC1C1CCCN1C(=O)CCc1c[nH]c2ccccc12,0.0
O=C(CC1(C(=O)Nc2cncc3ccccc23)CCOc2ccc(Cl)cc21)N1CCCC1c1nnn[nH]1,1.0
O=C(c1cc(=O)[nH]c2ccccc12)N1CCN(c2cccc(Cl)c2)CC1,1.0
O=C(Cc1cccc(Cl)c1)Nc1n[nH]c2ccnc(Br)c12,0.0
CS(=O)(=O)c1ccc2c(NC(=O)C3CN(CC(=O)NC4COC4)C(=O)c4ccc(Cl)cc43)cncc2c1,1.0
Cn1ccc2cc(N(C(=O)c3c[nH]cn3)C(C(=O)NCCc3cccc(F)c3)c3cccnc3)ccc21,0.0
O=C(Cc1cccc(Cl)c1)Nc1cncc2c1CCCN2,1.0
Nc1cncc(NC(=O)C2CCOc3ccc(Cl)cc32)c1C1CC1,1.0
O=C(Nc1cncc2ccccc12)C1CCN(Cc2ccn[nH]2)c2ccc(Cl)cc21,1.0
CC(C)(C)c1ccc(N(C(=O)c2nnc(O)cc2O)C(C(=O)NCCc2cccc(F)c2)c2cccnc2)cc1,0.0
CCn1nccc1C(=O)N1Cc2ccc(Cl)cc2C2(CCN(c3cncc4ccccc34)C2=O)C1,1.0
Cc1ccc(Br)nc1C(=O)NC(C)c1nnc2c(=O)[nH]ccn12,0.0
N#CC1(CS(=O)(=O)N2Cc3ccc(Cl)cc3[C@H](C(=O)Nc3cncc4ccccc34)C2)CC1,1.0
CC(C)NS(=O)(=O)N1Cc2ccc(Cl)cc2C(C(=O)Nc2cncc3ccccc23)C1,1.0
N#CCc1cccc(NC(=O)c2cnn3cc(Br)cnc23)n1,0.0
CS(=O)(=O)c1ccccc1C(=O)N1CCC(C2CCNC2)CC1,0.0
COC1(C(=O)Nc2cncc3ccccc23)CCOc2cc(F)c(Cl)cc21,1.0
CC(C)(C)c1ccc(N(C(=O)c2cocn2)C(C(=O)NC2CCOCC2)c2cccnc2)cc1,1.0
CC1(C(=O)Nc2cncc3ccccc23)CNc2ccc(Cl)cc21,1.0
Cc1nc(C2CC2)oc1C(=O)N(c1ccc(C(C)(C)C)cc1)C(C(=O)NCCc1cccc(F)c1)c1cccnc1,0.0
COc1ccc(N(C(=O)c2ccco2)C(C(=O)NCCc2cccc(F)c2)c2cccnc2)cc1,0.0
O=C(Cc1cccc(Cl)c1)Nc1cnccc1C(=O)O,0.0
CC(NC(=O)c1nccc2cccnc12)c1ccc2[nH]c(=O)oc2c1,0.0
CC(C)(C)c1ccc(N(C(=O)c2ccco2)C(C(=O)NCCc2cccc(F)c2)c2ccccc2)cc1,0.0
O=C(NC(c1ccccc1)c1ccccc1)[C@H]1CN(C(=O)CCl)CCN1S(=O)(=O)c1ccsc1,1.0
N#CC1(CS(=O)(=O)N2Cc3ccc(Cl)cc3C(C(=O)Nc3cncc4cc(F)ccc34)C2)CC1,1.0
C=CC(=O)N(c1ccc(C(F)(F)F)cc1)C(C(=O)NCCc1cccc(F)c1)c1cncc(Cl)c1,0.0
O=C(O)CC1(C(=O)Nc2cncc3ccccc23)CCOc2ccc(Cl)cc21,0.0
CO[C@@H]1COC[C@H]1n1cc(C(=O)N(c2ccc(C(C)(C)C)cc2)C(C(=O)NCCc2cccc(F)c2)c2cccnc2)nn1,0.0
CCCCCC(=O)SCCNC(=O)CCNC(=O)[C@H](O)C(C)(C)COP(=O)(O)OP(=O)(O)OC[C@H]1O[C@@H](n2cnc3c(N)ncnc32)[C@H](O)[C@@H]1OP(=O)(O)O,0.0
Cc1cc2c(NC(=O)C3CCOc4ccc(Cl)cc43)cncc2s1,1.0
O=C(CC1(C(=O)Nc2cncc3ccccc23)CCOc2ccc(Cl)cc21)N1CCCC1Cn1ccnc1,1.0
N#Cc1ncc(F)cn1,0.0
NC(=O)N1Cc2ccc(Cl)cc2C(C(=O)Nc2cncc3ccccc23)C1,1.0
c1ccc(-c2cc(Sc3nnc(-c4cccs4)o3)n3ncnc3n2)cc1,1.0
CCS(=O)(=O)c1c(Cl)cccc1CNC(c1cccc(F)c1)C1CC1,0.0
O=C(Cn1nnc(-c2ccccc2)n1)NC(C(=O)Nc1cncc2ccccc12)c1cccc(Cl)c1,0.0
C=CC(=O)N(c1cc(C(C)(C)C)on1)C(C(=O)NCCc1cccc(F)c1)c1cccnc1,0.0
CC(=O)NCCc1c[nH]c2ccc(O)cc12,0.0
C=CC(=O)NCC(=O)N(Cc1ccccc1O)C[C@@H]1CCCO1,0.0
CNC(=O)CN1Cc2ccc(Cl)cc2C2(CC(=O)N(c3cncc4ccccc34)C2=O)C1,1.0
CC(=O)N1CCN(CC(=O)Nc2cnccc2-c2ccccc2)CC1,0.0
CC(C)N1CCCC(N2CCN(c3ccc4nccnc4n3)CC2)C1=O,0.0
CN(C)C(=O)CN1CC(C(=O)Nc2cncc3ccccc23)c2cc(Cl)ccc2C1=O,1.0
O=C(Nc1cncc2cc(F)ccc12)[C@@H]1CCS(=O)(=O)c2ccc(Cl)cc21,1.0
CC(C)(C)c1ccc(N(C(=O)c2ccco2)C(C(=O)N2CCOCC2)c2cccnc2)cc1,0.0
N#CCC1(CS(=O)(=O)N2Cc3ccc(Cl)cc3C(C(=O)Nc3cncc4ccccc34)C2)CC1,1.0
CNC(=O)CN1Cc2ccc(Cl)cc2[C@@H](C(=O)Nc2cncc3ccccc23)C1,1.0
C[n+]1ccn(CCc2cccc(Cl)c2)c1C#N,0.0
Cc1ccc2c(NC(=O)Cc3cccc(Cl)c3)cncc2c1,1.0
COc1cc(CN2CCN(C(=O)CCl)CC2)c2ccccc2c1,1.0
CC(C)(C)c1ccc(N(C(=O)c2cocn2)C(C(=O)NCCc2cccc(F)c2)c2ccnnc2)cc1,1.0
COC1(CS(=O)(=O)N2CC(C(=O)Nc3cncc4ccccc34)c3cc(Cl)ccc3C2=O)CC1,1.0
CCN(C)S(=O)(=O)N1Cc2ccc(Cl)cc2C2(CCN(c3cncc4ccccc34)C2=O)C1,1.0
CC(C)(O)c1ccc(N(C(=O)c2cocn2)C(C(=O)NCCc2cccc(F)c2)c2cccnc2)cc1,0.0
O=C(Nc1cncc2ccccc12)C1CN(S(=O)(=O)CC2CCOCC2)Cc2ccc(Cl)cc21,1.0
Cc1ccnc(N)c1NC(=O)C1CCOc2ccc(Cl)cc21,0.0
O=C(Nc1cncc2ccc(F)cc12)[C@H]1CCOc2cc(F)c(Cl)cc21,1.0
O=C1[C@H](c2cccc(Cl)c2)CCN1c1cncc2ccccc12,0.0
C=CC(=O)N(c1ccc(C(C)(C)C)cc1)C(C(=O)NCCc1cccc(F)c1)c1cncc(O)c1,0.0
COC1(c2cccc(Cl)c2)CCCN(c2cncc3ccccc23)C1=O,1.0
CNC(=O)COc1ccc(CNCC2(C(=O)Nc3cncc4ccccc34)CCOc3ccc(Cl)cc32)cc1OC,0.0
CNC(=O)c1cc(Cl)cc(CC(=O)Nc2cnccc2C)c1,0.0
CNC(=O)CN1C[C@]2(CC(=O)N(c3cncc4ccccc34)C2=O)c2cc(Cl)ccc2C1=O,0.0
O=C(Nc1cncc2ccccc12)C1CN(CC2CC2)C(=O)c2ccc(Cl)cc21,1.0
O=C(Cn1nnc2ccccc21)N(Cc1ccsc1)c1ccc(-c2ccccc2)cc1,1.0
O=c1[nH]c(Cc2cccc(C(F)(F)F)c2)nc2cnccc12,0.0
Nc1n[nH]c2cc(O)nc(O)c12,0.0
O=C(Cc1cncc2ccccc12)N(CCC1CCCCC1)Cc1cccs1,1.0
NS(=O)(=O)c1ccc(N2CCC(N3CCCCCC3)CC2)cc1,0.0
Cn1ccc(CNCC2(C(=O)Nc3cncc4ccccc34)CCOc3ccc(Cl)cc32)n1,1.0
CS(=O)(=O)N(CCc1ccccc1)CC1CCN(C(=O)CCl)CC1,0.0
CC(C)(C)c1ccc(N(C(=O)c2cccc(C#N)c2)C(C(=O)NCCc2cccc(F)c2)c2cccnc2)cc1,0.0
CC(C)N1CCOC(C(=O)NC(C)(C(=O)Nc2cncc3ccccc23)c2ccc(Cl)c(Cl)c2)C1,1.0
CCCNC(=O)CN1CC(C(=O)Nc2cncc3ccccc23)c2cc(Cl)ccc2C1=O,1.0
O=C(NCCc1cccc(F)c1)C(c1cccnc1)N(C(=O)c1cocn1)C1CC2CCCC2C1,0.0
CN(C)C(=O)CNCC1(C(=O)Nc2cncc3ccccc23)CCOc2ccc(Cl)cc21,1.0
COCc1nc(C)c(C(=O)N(c2ccc(C(C)(C)C)cc2)C(C(=O)NCCc2cccc(F)c2)c2cccnc2)s1,0.0
CS(=O)(=O)Nc1ccc2cncc(NC(=O)C3CN(S(=O)(=O)CC4(C#N)CC4)Cc4ccc(Cl)cc43)c2c1,1.0
O=C(CCl)N1CCCN(S(=O)(=O)Cc2ccccc2)CC1,1.0
COc1ccc2c(NC(=O)C3CCOc4ccc(Cl)cc43)noc2c1,0.0
Cc1ccncc1NC(=O)Cc1cc(Cl)cc(OCc2nnc(C3CCCCC3)o2)c1,0.0
N#CC1(CS(=O)(=O)N2Cc3ccc(Cl)cc3[C@@H](C(=O)Nc3cncc4ccccc34)C2)CCOCC1,0.0
O=C(NCCc1cccc(F)c1)C(c1cccnc1)N(C(=O)c1cocn1)c1ccc(C2(O)COC2)cc1,0.0
COc1ccc(CC(=O)Nc2cncc3ccccc23)cc1,0.0
O=C(NCC1CCCCC1)[C@@H]1CN(C(=O)CCl)CCN1S(=O)(=O)c1ccsc1,1.0
O=C(Nc1cncc2ccccc12)C1CCN(Cc2ncc[nH]2)c2ccc(Cl)cc21,1.0
O=C(CCl)NC(CO)c1cccc(Cl)c1,0.0
O=C(CC1(C(=O)Nc2cncc3ccccc23)CCOc2ccc(Cl)cc21)N1CCN(C2CCOC2)CC1,1.0
O=C(NCCc1cccc(F)c1)C(c1cccnc1)N(C(=O)c1cocn1)C1CCCCC1,0.0
Cc1cc(C)c(S(=O)(=O)N2CCCC2C(=O)Nc2ccc3[nH]c(=O)sc3c2)c(C)c1,0.0
Cc1ccc(N(C(=O)c2cocn2)C(C(=O)NCCc2cccc(F)c2)c2cccnc2)cc1,0.0
CNC(=O)CN1C[C@H](C(=O)Nc2cncc3cc(Cl)ccc23)c2cc(Cl)ccc2C1=O,1.0
CCC(C(=O)O)N1CCCC(NC(=O)c2ccc3ccccc3c2)C1,0.0
CC(NCc1c[nH]c2nccnc12)c1cc(F)ccc1N1CCC(O)CC1,0.0
CNC(=O)CN1C[C@@]2(CC(=O)N(c3cncc4ccccc34)C2=O)c2cc(Cl)ccc2C1=O,1.0
C[C@]1(C(=O)Nc2cncc3ccccc23)CCNc2cc(Cl)c(Cl)cc21,0.0
O=C(Nc1cncc2ccccc12)C1CN(C(=O)C2CC2)Cc2ccc(Cl)cc21,1.0
Cc1ccncc1NC(=O)Cc1cc(Cl)cc(NC2CCC(F)(F)C2O)c1,0.0
C=CC(=O)N(Cc1ccccc1Cl)C(C(=O)NC(C)(C)C)c1cncc2ccccc12,0.0
Cc1cc(O)c2c(c1)C1(O)CC(C2=O)C2=C1C(=O)c1c(O)cccc1C2=O,0.0
O=C(Nc1cncc2ccccc12)C(F)(F)c1ccc(Cl)c(Cl)c1,1.0
O=C(NCCc1cccc(F)c1)C(c1cccnc1)N(C(=O)c1c[nH]cn1)c1ccc(Cl)cc1,0.0
C[C@@]1(C(=O)Nc2cncc3ccccc23)CNS(=O)(=O)c2ccc(Cl)cc21,1.0
C=CC(=O)Nc1cc(C(=O)NC[C@H](Cc2ccccc2)c2ccccn2)ccc1O,0.0
CNC(=O)CN1C[C@@H](C(=O)Nc2cncc3cccc(Cl)c23)c2cc(Cl)ccc2C1=O,0.0
N#C/C(C(=O)Nc1ccc(F)cc1)=C(/O)c1ccc(Cl)cc1,1.0
O=C(Cc1cncnc1)Nc1cc(F)cc(OC2CC(=O)N2)c1,0.0
O=C(Cc1cc(Cl)ccn1)Nc1cncc2ccccc12,0.0
Cc1ccc(C(Cc2cnn(C)c2)C(=O)Nc2n[nH]c3ccccc23)cc1,0.0
COc1cc2c(cc1OC)C(C)N(C(=O)Nc1cn(C)c(=O)c3ccccc13)CC2,0.0
O=C(CCl)N1CCN(Cc2ccsc2)CC1,1.0
CO[C@@]1(C(=O)Nc2cncc3ccccc23)CCOc2ccc(Cl)cc21,1.0
COc1cc(N(C(=O)c2c[nH]cn2)C(C(=O)NCCc2cccc(F)c2)c2cccnc2)ccc1S(=O)(=O)N(C)C,0.0
Cc1[nH]c2ncnc(NC(=O)c3cc4ccccc4c(=O)o3)c2c1C,0.0
Cc1nc(C)c(S(=O)(=O)NCC2CCCC3CC23)s1,0.0
CNC(=O)CN1CC(C(=O)Nc2cncc3ccc(F)cc23)c2cc(Cl)ccc2C1=O,1.0
O=C(CN(C(=O)Cn1nnc2ccccc21)c1ccc(-c2ccccc2)cc1)N1CCNCC1,0.0
O=C(NCCc1cccc(F)c1)C(c1cccnc1)N(C(=O)c1cocn1)c1ccc(N2CCCS2(=O)=O)cc1,0.0
Cn1nncc1CC(=O)NC(c1ccccc1)c1nc2ccccc2n1C,0.0
O=C(Nc1ccc(F)cc1)[C@@H]1CN(C(=O)CCl)CCN1S(=O)(=O)c1ccsc1,1.0
Cn1cc(NC(=O)NCCc2ccc(Cl)cc2)c2ccccc2c1=O,0.0
Cc1ccc(S(=O)(=O)NC2CCN(C(=O)CCl)CC2)cc1,0.0
Cn1cnc2cc(N(C(=O)c3c[nH]cn3)C(C(=O)NCCc3cccc(F)c3)c3cccnc3)ccc21,0.0
CC(C)CS(=O)(=O)N1Cc2ccc(Cl)cc2C(C(=O)Nc2cncc3ccc(C(C)(C)O)cc23)C1,1.0
O=C(CCl)N1CCCN(S(=O)(=O)c2cc(F)ccc2F)CC1,0.0
CN(CCC#N)S(=O)(=O)N1Cc2ccc(Cl)cc2C(C(=O)Nc2cncc3ccccc23)C1,1.0
CC(C)(C)c1ccc(N(C(=O)c2ccco2)C(C(=O)NCCc2cccc(F)c2)c2snc3ccccc23)cc1,1.0
N#CC1(CS(=O)(=O)N2Cc3ccc(Cl)cc3[C@@]3(CC(=O)N(c4cncc5ccccc45)C3=O)C2)CC1,1.0
Cc1[nH]c2ccccc2c1/C=N/c1sc2c(c1C#N)CCC(C)C2,0.0
CC(C)Cn1cc(NC(=O)NCCCN2CCCC2=O)c2ccccc2c1=O,0.0
COCCN(C)S(=O)(=O)N1Cc2ccc(Cl)cc2C2(CCN(c3cncc4ccccc34)C2=O)C1,1.0
COC1(C(=O)Nc2cncc3ccc(NS(C)(=O)=O)cc23)CCOc2ccc(Cl)cc21,1.0
C=CC(=O)N(C(=O)[C@H]1CCOc2ccc(Cl)cc21)c1cncc2ccccc12,1.0
Cc1cc(N)ncc1NC(=O)C1CCOc2ccc(Cl)cc21,0.0
O=C(Cc1cccc(Cl)c1)Nc1cncc2cccnc12,1.0
O=C(NCCc1cccc(F)c1)C(c1cccnc1)N(C(=O)c1cocn1)c1ccc(-n2ccnc2)cc1,0.0
Cc1ccncc1NC(=O)Cc1cc(Cl)cc(S(N)(=O)=O)c1,0.0
Cn1cccc(C(C(=O)NCCc2cccc(F)c2)N(C(=O)c2cocn2)c2ccc(C(C)(C)C)cc2)c1=O,0.0
CNS(=O)(=O)N1CCc2ccc(Cl)cc2C1C(=O)Nc1cncc2ccccc12,1.0
O=C(NCc1ccccc1)[C@H]1CN(C(=O)CCl)CCN1S(=O)(=O)c1ccsc1,1.0
O=C(Nc1n[nH]c2ccnc(Br)c12)C1CCOc2ccc(Cl)cc21,0.0
OCCn1c(CSc2nc3ccccc3o2)nc2ccc(Cl)cc21,0.0
O=C(Nc1cncc2ccccc12)C1CCOc2c(OCc3cccnc3)cc(Cl)cc21,0.0
O=C(Nc1ccc2nncn2c1)c1ccc2scnc2c1,0.0
CCOC(=O)CCCNC(=O)C(c1cccnc1)N(C(=O)c1cocn1)c1ccc(C(C)(C)C)cc1,1.0
O=C(Nc1ccc(Cl)cc1)[C@@H](c1ccccc1)N1Cc2ccccc2C1=O,0.0
Cc1cc(C(F)(F)F)nc2c1c(N)nn2C(=O)Cc1cccc(Cl)c1,0.0
COC(=O)CN(C)S(=O)(=O)N1Cc2ccc(Cl)cc2C(C(=O)Nc2cncc3ccccc23)C1,1.0
O=C1Nc2ccc(OCCF)cc2C1=O,0.0
COc1ccccc1OCCNC(=O)c1cc(=O)[nH]c2cc(F)ccc12,0.0
O=C(Cc1cccc(Cl)c1)NC1C(=O)NCc2ccccc21,0.0
CN(C)C(=O)CN1Cc2ccc(Cl)cc2C(C(=O)Nc2cncc3ccccc23)C1,1.0
O=C(NCCc1cccc(F)c1)C(c1cccnc1)N(C(=O)c1ccco1)C1CCCC(c2ccc(F)c(F)c2)C1,0.0
O=C(C1CCOc2cc(Cl)ccc21)N(Cc1c[nH]c(=O)[nH]c1=O)c1cncc2ccccc12,1.0
N#Cc1ccc(CN2C(=O)C(=O)c3cccc(Br)c32)c(F)c1,0.0
COc1cccc(C2=N/C(=C/c3sccc3C)C(=O)O2)c1,1.0
CN(C)C(=O)C(CNC(=O)[C@@H](c1ccccc1)N1Cc2ccccc2C1=O)c1ccccc1,0.0
C=CC(=O)N(c1ccc(C(C)(C)C)cc1)C(C(=O)NCCc1cccc(F)c1)c1cncc(C)c1,0.0
O=C(Nc1cncc2ccccc12)C1(CNCc2cnc(N3CCOCC3)nc2)CCOc2ccc(Cl)cc21,0.0
Cc1nc(-c2cccc(CNC(=O)Nc3cccc(CN4CCCC4=O)c3)c2)n[nH]1,0.0
N#CC1(CS(=O)(=O)N2Cc3ccc(Cl)cc3C(C(=O)Nc3cncc4cc(Cl)ccc34)C2)CC1,1.0
O=C(CCl)N1CCN(S(=O)(=O)c2ccsc2)[C@H](C(=O)N2CCOCC2)C1,1.0
O=C(Cc1cccc(Cl)c1)Nc1cncc2c1OCCC2,0.0
O=C1CN(C(=O)Cc2cccc(Cl)c2)Cc2ccccc21,0.0
CCOC(=O)c1ncoc1CNC(=O)C(c1cccnc1)N(C(=O)c1cocn1)c1ccc(C(C)(C)C)cc1,1.0
O=C(c1cc(=O)[nH]c2ccc(F)cc12)N1CCN(S(=O)(=O)c2cccc(Cl)c2)CC1,0.0
O=C(Nc1cncc2ccccc12)[C@@H]1CCOc2ccc(Cl)cc21,1.0
CC(C)(C)c1ccc(N(C(=O)c2ocnc2C(F)(F)F)C(C(=O)NCCc2cccc(F)c2)c2cccnc2)cc1,0.0
CCCc1cc(Cl)cc(CC(=O)Nc2cncc3ccccc23)c1,1.0
CN(C)c1ccc2cncc(NC(=O)Cc3cccc(Cl)c3)c2c1,1.0
Cc1ccncc1NC(=O)Cc1cc(Cl)cc(OCc2ncc[nH]2)c1,0.0
CNC(=O)COCC1(C(=O)Nc2cncc3ccccc23)CCOc2ccc(Cl)cc21,1.0
Cc1ccccc1C(C)N(C(=O)c1cnc[nH]1)C(C(=O)NCCc1cccc(F)c1)c1cccnc1,0.0
CC1CN(c2cncc3ccccc23)C(=O)C12CN(S(=O)(=O)CC1(C#N)CC1)Cc1ccc(Cl)cc12,1.0
C=CC(=O)N(c1ccc(C(C)(C)C)cc1)C(C(=O)NCc1cccnc1)c1cccnc1,0.0
CN(C)C(C(=O)Nc1cncc2ccccc12)c1ccc(Cl)c(Cl)c1,1.0
Cc1nc2sccn2c1CN(C)C(=O)c1cn2ccccc2n1,0.0
CCC(=O)Nc1ccc(N(Cc2ccccc2)C(=O)n2nnc3ccccc32)cc1,0.0
O=C(Nc1cncc2ccccc12)C1COCc2c(Cl)cccc21,1.0
Cc1ccncc1NC(=O)Cc1cc(Cl)cc(/C=C(/c2ccccc2)C(F)(F)F)c1,0.0
O=C(O)CN1Cc2ccc(Cl)cc2C(C(=O)Nc2cncc3ccccc23)C1,1.0
CCS(=O)(=O)Nc1ccc2c(NC(=O)C3CN(S(=O)(=O)CC4(C#N)CC4)Cc4ccc(Cl)cc43)cncc2c1,1.0
CC(C)(C)OC(=O)CNC(=O)C(c1cccnc1)N(C(=O)c1cocn1)c1ccc(C(C)(C)C)cc1,1.0
COc1ccc(S(=O)(=O)N2CCN(C(=O)CCl)CC2)cc1,0.0
Cc1cc2c(N3CCc4[nH]c5ccccc5c4C3)nccn2n1,0.0
Cc1cccc(CC2CCN(C(=O)CCl)CC2)c1,0.0
O=C(Nc1cncc2ccccc12)[C@@H](NC(=O)[C@H]1CC[C@@H](C(=O)N2CCCC2)O1)c1cccc(Cl)c1,1.0
Cn1nncc1C(=O)N1Cc2ccc(Cl)cc2C(C(=O)Nc2cncc3ccccc23)C1,1.0
CN(C)C(=O)CN1CCC(C(=O)Nc2cncc3ccccc23)c2cc(Cl)ccc21,1.0
CNC(=O)CN1Cc2ccc(Cl)cc2C(C(=O)Nc2cncc3ccc(C(C)(C)O)cc23)C1,1.0
Cc1cn2c(CNC(=O)c3cnn4ccccc34)c(C)nc2s1,0.0
CCNC(=O)c1ccc(N(C(=O)c2cocn2)C(C(=O)NCCc2cccc(F)c2)c2cccnc2)cc1,0.0
O=C(Cc1cccnc1)Nc1cccc(OC2CC(=O)N2)c1,0.0
COc1ccccc1OCCNC(=O)c1cc(=O)[nH]c2cccc(C)c12,0.0
CNC(=O)CN1Cc2ccc(Cl)cc2C2(CCN(c3cncc4cccc(Cl)c34)C2=O)C1,1.0
CC(C)(C)c1ccc(N(C(=O)c2cc(=O)n3ncnc3[nH]2)C(C(=O)NCCc2cccc(F)c2)c2cccnc2)cc1,0.0
O=C1CCCN(S(=O)(=O)c2cccc(F)c2)CC1,0.0
C=CC(=O)N(Cc1ccccc1Cl)C(C(=O)NC)c1cccnc1,0.0
N#CCC(=O)N1CCc2ccc(Cl)cc2C1C(=O)Nc1cncc2ccccc12,1.0
COC(=O)[C@H]1CC[C@@H](CNC(C(=O)Nc2cncc3ccccc23)c2cccc(Cl)c2)O1,1.0
N#Cc1ccccc1NC(=O)[C@@H](c1ccccc1)N1Cc2ccccc2C1=O,0.0
Cn1c(=O)ccn(CC(=O)NC(C(=O)Nc2cncc3ccccc23)c2cccc(Cl)c2)c1=O,0.0
O=C(Cc1cccc(Cl)c1)Nc1cncc2cc(C(=O)O)ccc12,1.0
CC(C)(C)c1ccc(N(C(=O)c2ccco2)C(C(=O)NCCc2cccc(F)c2)c2cnc3ccccn23)cc1,0.0
O=C1NC2(COc3ccc(Cl)cc32)C(=O)N1c1cncc2ccc(F)cc12,1.0
Cc1[nH]c2ncnc(NC(=O)C3CCN(c4ccc(Cl)cn4)CC3)c2c1C,0.0
CC(NC(=O)CCl)c1cc(Cl)cc(-c2ccc(S(N)(=O)=O)cc2)c1,1.0
CCOC(=O)c1nc(S(C)(=O)=O)ncc1Cl,1.0
N#Cc1cc(Cl)cc2c1NCCC2C(=O)Nc1cncc2ccccc12,1.0
O=C(NCCc1cccc(F)c1)C(c1cccnc1)N(C(=O)c1cocn1)C1Cc2ccccc21,0.0
Cn1cncc1C(=O)N(c1ccc(C(C)(C)C)cc1)C(C(=O)NCCc1cccc(F)c1)c1cccnc1,0.0
Cn1ncc2c(NC(=O)Cc3cccc(Cl)c3)cncc21,0.0
CNC(=O)CN1CC(C(=O)Nc2cncc3cccc(Cl)c23)c2cc(Cl)ccc2C1=O,1.0
CC(O)Cc1c(C(=O)N(c2ccc(C(C)(C)C)cc2)C(C(=O)NCCc2cccc(F)c2)c2cccnc2)[nH][nH]c1=O,0.0
Cc1ccn2c(NC(=O)Cc3cccc(Cl)c3)cnc2c1,0.0
CNC(=O)Nc1ccc(N(Cc2ccsc2)C(=O)Cn2nnc3ccccc32)cc1,0.0
CC1(C(=O)Nc2cncc3ccccc23)CNC(=O)c2ccc(Cl)cc21,1.0
O=C(NCCc1cccc(F)c1)C(c1cccnc1)N(C(=O)c1cocn1)C1COc2ccccc2C1,0.0
COC1(CS(=O)(=O)N2Cc3ccc(Cl)cc3C(C(=O)Nc3cncc4ccc(C(C)(C)O)cc34)C2)CC1,1.0
Cc1ccc2cncc(NC(=O)Cc3cccc(Cl)c3)c2c1,1.0
CC(C)n1nccc1C(=O)N1Cc2ccc(Cl)cc2C2(CCN(c3cncc4ccccc34)C2=O)C1,1.0
CC(C)(COP(=O)(O)OP(=O)(O)OC[C@H]1O[C@@H](n2cnc3c(N)ncnc32)[C@H](O)[C@@H]1OP(=O)(O)O)[C@@H](O)C(=O)NCCC(=O)NCCSC(=O)CCC(=O)O,0.0
Cn1cc(CNCC2(C(=O)Nc3cncc4ccccc34)CCOc3ccc(Cl)cc32)n2ncc(C#N)c12,0.0
O=C(Nc1n[nH]c2ccncc12)C1CCOc2ccc(Cl)cc21,0.0
O=C(Cc1cc(F)cc(F)c1)Nc1cncc2ccccc12,1.0
COc1ccc(N2C(=O)CCS2(=O)=O)cc1S(=O)(=O)Nc1cccc2cccnc12,0.0
Cc1cc(C(=O)CCl)c(C)n1NC(=O)c1n[nH]c(=O)c2ccccc12,1.0
N#CC1(CS(=O)(=O)N2Cc3ccc(Cl)cc3C3(CC(=O)N(c4cncc5ccccc45)C3=O)C2)CC1,1.0
CS(=O)(=O)N1Cc2ccc(Cl)cc2C(C(=O)Nc2cncc3c2CCCC3)C1,1.0
O=[N+]([O-])c1cnc(Sc2nnc(-c3ccc(Cl)cc3)o2)s1,1.0
CC(C)(C)c1ccc(N(C(=O)c2cocn2)C(C(=O)NCC(=O)Nc2cccc([N+](=O)[O-])c2)c2cccnc2)cc1,0.0
O=C1CC(Oc2cc(Cl)cc(OCCNC(=O)c3cc(=O)[nH]c4ccccc34)c2)N1,1.0
Cc1ccncc1NC(=O)[C@H](C)OC(F)F,0.0
C=CC(=O)N(c1ccc(C(F)(F)F)cc1)C(C(=O)NCCc1cccc(F)c1)c1cncc(C#N)c1,0.0
O=C(CN(C(=O)Cn1ccnn1)c1ccc(-c2ccccn2)cc1)N1CCNCC1,0.0
O=C(Nc1ccc2nccnc2c1)c1csc2cncn12,0.0
COC1(C(=O)Nc2cncc3ccccc23)CCOc2cc(Cl)c(Cl)cc21,1.0
O=C(Nc1cncc2ccccc12)C(NC(=O)[C@@H]1CC[C@@H](C(=O)N2CCCC2)O1)c1cccc(Cl)c1,1.0
CN(C(=O)c1ccco1)C(C(=O)NCCc1cccc(F)c1)c1cccnc1,0.0
O=C(c1cccc(N2CCCNC2=O)c1)N1CCC(C2CCNC2)CC1,0.0
CS(=O)(=O)Cc1ccc(N(C(=O)c2cocn2)C(C(=O)NCCc2cccc(F)c2)c2cccnc2)cc1,0.0
CNC(=O)c1ccc2cncc(NC(=O)C3CN(S(=O)(=O)CC4(C)CS(=O)(=O)C4)Cc4ccc(Cl)cc43)c2c1,1.0
Cc1cc(Cl)cc(CC2CCN(C(=O)CCl)CC2)c1,1.0
O=C(c1cc(=O)[nH]c2ccccc12)N1CCN(c2cccc(C(F)(F)F)c2)CC1,1.0
O=C1N(c2cncc3ccccc23)CCCC12CCOc1ccc(Cl)cc12,1.0
CC(C)(C)c1cc(N(C(=O)c2cocn2)C(C(=O)NCCc2cccc(F)c2)c2cccnc2)no1,0.0
CC1CN(C)CCN1C(=O)CC1(C(=O)Nc2cncc3ccccc23)CCOc2ccc(Cl)cc21,1.0
CC(=O)NC(C)c1cc(Cl)cc(-c2ccc(S(N)(=O)=O)cc2)c1,0.0
Cc1cn2nnc(C(=O)N(c3ccc(C(C)(C)C)cc3)C(C(=O)NCCc3cccc(F)c3)c3cccnc3)c2c(=O)[nH]1,0.0
O=C(Nc1[nH]nc2cc(F)ccc12)C1CCOc2ccc(Cl)cc21,0.0
COc1cc2cncc(NC(=O)Cc3cccc(Cl)c3)c2cc1F,0.0
CNC(=O)CN1C[C@@](C)(C(=O)Nc2cncc3ccccc23)c2cc(Cl)ccc2S1(=O)=O,0.0
Cc1nnn(-c2ccc(N(C(=O)c3cocn3)C(C(=O)NCCc3cccc(F)c3)c3cccnc3)cc2)n1,0.0
O=C(Cn1nnc2ccccc21)N(Cc1ccsc1)c1ccc(N2CCCCC2)cc1,1.0
Cc1ccncc1NC(=O)C(C(=O)c1cc(=O)[nH]c2ccccc12)c1cccc(Cl)c1,0.0
CC(=O)C(=O)N1CCN(Cc2cccc(Cl)c2)[C@@H](CC(C)C)C1,0.0
CNC(=O)N1CCc2ccc(Cl)cc2C1C(=O)Nc1cncc2ccccc12,1.0
CCC(=O)Nc1ccc(N(Cc2cscn2)C(=O)Cn2nnc3ccccc32)cc1,0.0
COCOc1ccc(N(C(=O)c2cocn2)C(C(=O)NCCc2cccc(F)c2)c2cccnc2)cc1,0.0
CC1CCNC(=O)C1NC(=O)Cc1cccc(Cl)c1,0.0
O=C(NCc1ccccn1)[C@@H]1CN(C(=O)CCl)CCN1S(=O)(=O)c1ccsc1,1.0
CCC(=O)Nc1ccc(N(Cc2ccsc2)C(=O)Cn2nnc3ccccc32)cc1,0.0
CC1(CS(=O)(=O)N2Cc3ccc(Cl)cc3C(C(=O)Nc3cncc4cc(S(C)(=O)=O)ccc34)C2)CS(=O)(=O)C1,1.0
Cc1ccccc1CC(=O)Nc1cncc2ccccc12,0.0
Cc1ccncc1NC(=O)Cc1cc(Cl)cc(-c2ccc(C3CC3(F)F)cc2)c1,1.0
Cc1ccc(C(Cc2ccccc2)C(=O)Nc2nnn3ccccc23)cc1,0.0
O=C(c1cc(=O)cc[nH]1)N1CCN(c2cccc(Cl)c2)CC1,0.0
O=C(Nc1cncc2ccccc12)C1CCN(Cc2cnc[nH]2)c2ccc(Cl)cc21,1.0
COc1ccc(N(C(=O)c2cocn2)C(C(=O)NCCc2cccc(F)c2)c2cccnc2)cc1,0.0
CC(=O)N[C@H](CSSC[C@H](N)C(=O)O)C(=O)N[C@H](C)C(=O)N[C@H](CCCNC(=N)N)C(=O)N[C@H](CCCNC(=N)N)C(=O)N[C@H](CCCNC(=N)N)C(=O)N[C@H](C)C(=O)N[C@H](CCCNC(=N)N)C(N)=O,0.0
COc1ccc(NC(=O)Nc2cn(C)c(=O)c3ccccc23)c(OC)c1,0.0
CC(C)(C)c1ccc(N(C(=O)c2ccco2)C(C(=O)NCCc2cccc(F)c2)c2coc3ccccc23)cc1,0.0
CO[C@]1(C(=O)Nc2cncc3ccccc23)CCOc2cc(F)c(Cl)cc21,1.0
CCN(C)S(=O)(=O)N1Cc2ccc(Cl)cc2C(C(=O)Nc2cncc3ccccc23)C1,1.0
Cc1nc2n(n1)CC(C(=O)NC(C)(C(=O)Nc1cncc3ccccc13)c1ccc(Cl)c(Cl)c1)CC2,1.0
NS(=O)(=O)c1ccc(N2CCC([C@@H]3CCCO3)CC2)cc1,0.0
CN(C)CCOc1ccc2cncc(N3CCC4(CN(S(=O)(=O)CC5(C#N)CC5)Cc5ccc(Cl)cc54)C3=O)c2c1,1.0
CN1CC(C#N)(CS(=O)(=O)N2Cc3ccc(Cl)cc3C(C(=O)Nc3cncc4ccccc34)C2)C1,1.0
CC(C)C[C@H]1CN(C(=O)CCl)CCN1Cc1cccc(Cl)c1,1.0
O=C(Cc1cccc(Cl)c1)NC1CC(=O)c2ccccc21,0.0
O=C(Cn1cn[nH]c1=O)NC1CCCCCC1c1ccccc1C(F)(F)F,0.0
O=C(Cc1cccc(Cl)c1)Nc1cncc2c(F)cccc12,1.0
O=C1CCC(c2ccc(N(C(=O)c3cocn3)C(C(=O)NCCc3cccc(F)c3)c3cccnc3)cc2)N1,0.0
O=C(Nc1[nH]nc2ccccc12)C1CCOc2ccc(Cl)cc21,0.0
O=C(Nc1c[n+]([O-])cc2ccccc12)[C@@H]1CCOc2ccc(Cl)cc21,0.0
O=C(Cc1cccc(Cl)c1)NC1C(=O)Nc2ccccc21,0.0
O=C(Nc1cncc2ccc(F)cc12)[C@H]1CCOc2ccc(Cl)cc21,0.0
CC(C)(C)c1ccc(N(C(=O)c2nc(=O)[nH][nH]2)C(C(=O)NCCc2cccc(F)c2)c2cccnc2)cc1,0.0
CC1(CS(=O)(=O)N2Cc3ccc(Cl)cc3[C@H](C(=O)Nc3cncc4ccccc34)C2)CC1,1.0
O=C(Nc1cccnc1)N1CCC(CN2CCc3ccccc32)CC1,0.0
CC(=O)NCc1cc(Cl)cc(CC(=O)Nc2cnccc2C)c1,0.0
O=C(CCl)Nc1nc2c(S(=O)(=O)NCCc3ccccc3)cccc2s1,0.0
O=C(Nc1cncc2ccccc12)C1CCOc2ccc(Br)cc21,1.0
CC(C)(C)OC(=O)N1CC(NC(=O)C(c2cccnc2)N(C(=O)c2cocn2)c2ccc(C(C)(C)C)cc2)C1,1.0
O=C(NCCc1cccc(F)c1)C(c1cccnc1)N(C(=O)c1cocn1)c1ccc2c(c1)CCCS2(=O)=O,0.0
O=C(c1cc(=O)[nH]c2ccccc12)N1CCN(c2ccccc2F)CC1,0.0
C[C@H]1C[C@H](C(=O)Nc2cncc3ccccc23)c2cc(Cl)ccc2O1,0.0
CCCc1cc2c(cc1S(=O)(=O)N1CCN(c3ccccc3)CC1)OCO2,0.0
Cc1[nH]ncc1CC(=O)Nc1cccc(Cl)c1,0.0
COC1CN(S(=O)(=O)N2Cc3ccc(Cl)cc3C3(CCN(c4cncc5ccccc45)C3=O)C2)C1,1.0
O=C(Nc1cncc2ccc(F)cc12)[C@@H]1CCOc2cc(F)c(Cl)cc21,1.0
O=C1CCCN(S(=O)(=O)c2cccs2)CC1,0.0
CC(C)(C)NC(=O)CN1CC(C(=O)Nc2cncc3cc(S(C)(=O)=O)ccc23)c2cc(Cl)ccc2C1=O,1.0
COc1ccc(N2CCN(C(=O)c3cc(=O)[nH]c4ccccc34)CC2)cc1,0.0
Cn1c(=O)c2cc(C(=O)N(c3ccc(C(C)(C)C)cc3)C(C(=O)NCCc3cccc(F)c3)c3cccnc3)n(C)c2n(C)c1=O,0.0
O=CNc1ccc(C(=O)NC(c2ccccc2)C2CCOCC2)cc1,0.0
O=C1C[C@@]2(CCOc3ccc(Cl)cc32)C(=O)N1c1cncc2ccccc12,0.0
Cc1c(NC(=O)C2CCOc3ccc(Cl)cc32)cncc1N(C)C,0.0
CN(C)CC1(C(=O)Nc2cncc3ccccc23)CCOc2ccc(Cl)cc21,0.0
CC(C)Oc1ccc(N(C(=O)c2cocn2)C(C(=O)NCCc2cccc(F)c2)c2cccnc2)cc1,1.0
Cc1noc(C)c1S(=O)(=O)N1CCN(C(=O)CCl)CC1,1.0
Nc1ccc2[nH]c(C(=O)N(C(=O)c3ccco3)C(C(=O)NCCc3cccc(F)c3)c3cccnc3)cc2c1,0.0
Cn1cncc1CN(C(=O)CC1(C(=O)Nc2cncc3ccccc23)CCOc2ccc(Cl)cc21)C1CC1,1.0
N#CCNC(=O)CN1Cc2ccc(Cl)cc2C(C(=O)Nc2cncc3ccccc23)C1,1.0
CCc1n[nH]c(=O)c(-c2nc(-c3c[nH]c4ncccc34)cs2)c1CC,0.0
O=C1CC(C(=O)Nc2cncc3ccccc23)c2cc(Cl)c(Cl)cc2N1,1.0
O=C(CCl)N1CCN(Cc2cccs2)CC1,1.0
Cc1cccc2cncc(N3CCC4(CCOc5ccc(Cl)cc54)C3)c12,0.0
CS(=O)(=O)N1Cc2ccc(Cl)cc2C(C(=O)Nc2cncc3cccc(F)c23)C1,1.0
O=C(CN1CC(C(=O)Nc2cncc3cc(F)ccc23)c2cc(Cl)ccc2C1=O)NC1COC1,1.0
COc1ccccc1OCCNC(=O)c1cc(=O)cc[nH]1,0.0
C=CC(=O)N(c1ccc(C(C)(C)C)cc1)C(C(=O)NCCSC)c1cccnc1,0.0
N#CC1CN(S(=O)(=O)N2Cc3ccc(Cl)cc3C(C(=O)Nc3cncc4ccccc34)C2)C1,1.0
O=C(Nc1cncc2cc(CN3CCNCC3)ccc12)C1CCOc2ccc(Cl)cc21,1.0
O=C(Cc1cccc(Cl)c1)NC1CCCNC1=O,0.0
CC1(C(=O)Nc2cncc3ccccc23)CNS(=O)(=O)c2ccc(Cl)cc21,1.0
O=C1C(c2cccc(Cl)c2)CCN1c1cncc2ccccc12,1.0
Cc1cc(C)n(C2CCCN(C(=O)c3c[nH]c4ncccc34)C2)n1,0.0
O=S(=O)(Nc1ccccc1SCc1cccc(Cl)c1F)c1cc(Cl)sc1Cl,1.0
Cn1cnc(C(=O)N(c2ccc(C(C)(C)C)cc2)C(C(=O)NCCc2cccc(F)c2)c2cccnc2)cc1=O,0.0
CNC(=O)CN1CC(C)(C(=O)Nc2cncc3cccc(Cl)c23)c2cc(Cl)ccc2S1(=O)=O,1.0
O=C(Cc1cc(Cl)ccc1F)Nc1cncc2ccccc12,1.0
Cn1c(C(NC(=O)Cc2cc3ccccc3[nH]2)c2cccc(Cl)c2)nc2ccccc21,0.0
Cc1ccncc1NC(=O)C(C)c1cccc(Cl)c1,0.0
Cc1cnn(C)c1C(=O)N1Cc2ccc(Cl)cc2C2(CCN(c3cncc4ccccc34)C2=O)C1,1.0
O=C(Cc1cccc(Cl)c1)Nc1c(O)cnc2ccccc12,1.0
Cn1nc2c(c1C(=O)N(c1ccc(C(C)(C)C)cc1)C(C(=O)NCCc1cccc(F)c1)c1cccnc1)CS(=O)(=O)CC2,0.0
O=C(CN1CC(C(=O)Nc2cncc3cc(F)ccc23)c2cc(Cl)ccc2C1=O)NC1CC1,1.0
O=C(Cc1cccc(Cl)c1)Nc1cnccc1-c1ccccc1,0.0
Cn1ccc2cncc(NC(=O)Cc3cccc(Cl)c3)c21,1.0
CC(C)(C)c1cnc(N(C(=O)c2cocn2)C(C(=O)NCCc2cccc(F)c2)c2cccnc2)o1,0.0
C=CC(=O)N(c1cc(C(C)(C)C)on1)C(C(=O)NCCc1cccc(F)c1)c1cncc(C#N)c1,0.0
Cc1cc2c(c(O)c1-c1c(C)cc(O)c3c1C(=O)C=CC3=O)C(=O)C=CC2=O,1.0
CC(C)(C)c1ccc(N(C(=O)c2ccco2)C(C(=O)NCCc2cccc(F)c2)c2cc(=O)[nH]c3ccccc23)cc1,1.0
CC(C)(C)c1ccc(N(C(=O)c2nc3cnccc3s2)C(C(=O)NCCc2cccc(F)c2)c2cccnc2)cc1,0.0
NS(=O)(=O)c1ccc(CNC[C@@]2(C(=O)Nc3cncc4ccccc34)CCOc3ccc(Cl)cc32)cc1F,0.0
O=C(N[C@@H](C(=O)Nc1cncc2ccccc12)c1cccc(Cl)c1)[C@H]1CC[C@@H](C(=O)N2CCCC2)O1,0.0
CN1C[C@@H]2C[C@H]1CN2C(=O)CC1(C(=O)Nc2cncc3ccccc23)CCOc2ccc(Cl)cc21,1.0
O=C1C(=O)N(Cc2ccc(Br)cc2)c2c(Br)cccc21,1.0
CC(C)Cn1cc(NC(=O)NCc2ccco2)c2ccccc2c1=O,0.0
CC(C)(C)c1ccc(N(C(=O)C2CCCO2)C(C(=O)NCCc2cccc(F)c2)c2cccnc2)cc1,1.0
COC1(CS(=O)(=O)N2Cc3ccc(Cl)cc3[C@@H](C(=O)Nc3cncc4ccccc34)C2)CC1,0.0
N#Cc1cccc(CN2CCN(C(=O)CCl)CC2)c1,0.0
O=C1CCN(S(=O)(=O)c2cccs2)CC1,0.0
O=C(NCCc1cccc(F)c1)C(c1cccnc1)N(C(=O)c1cocn1)C1CCCOC1,0.0
C=CC(=O)N(c1ccc(CCC#N)cc1)C(C(=O)NC(C)(C)C)c1cccnc1,0.0
CCCCOc1ccc(Cl)cc1CC(=O)Nc1cnccc1C,0.0
COc1ccc2c(c1)c(N)nn2C(=O)Cc1cccc(Cl)c1,0.0
CN(CCO)C1CCN(C(=O)CC2(C(=O)Nc3cncc4ccccc34)CCOc3ccc(Cl)cc32)CC1,0.0
COC1(C(=O)Nc2cncc3ccccc23)CCOc2c(F)cc(F)cc21,1.0
CS(=O)(=O)c1ccc2cncc(NC(=O)C3CNC(=O)c4ccc(Cl)cc43)c2c1,1.0
O=C(Nc1cncc2cc(F)ccc12)C1CCS(=O)(=O)c2ccc(Cl)cc21,1.0
O=C(Nc1cncc2ccccc12)C1CCOc2cc(Cl)c(Cl)cc21,1.0
O=C1C(c2ccc(Cl)cc2)CCCN1c1cncc2ccccc12,0.0
CC(C)(C)c1ccc(N(C(=O)c2ccncc2)C(C(=O)NCCc2cccc(F)c2)c2cccnc2)cc1,0.0
Cc1nnc(C2Cc3ccccc3CN2C(=O)CCl)o1,0.0
O=C(CCl)N1CCN(Cc2cc(Cl)cc(Cl)c2)CC1,1.0
Cc1cccc2ncc(NC(=O)Cc3cccc(Cl)c3)n12,1.0
CNC(=O)C1(N2C[C@@]3(CCN(c4cncc5ccccc45)C3=O)c3cc(Cl)ccc3C2=O)CC1,1.0
CNC(=O)CN1C[C@H](C(=O)Nc2cncc3cccc(Cl)c23)c2cc(Cl)ccc2C1=O,1.0
CN(C)c1ccc(N(Cc2cccc(Cl)c2)C(=O)Cc2cncc3ccccc23)nc1,1.0
O=C1NC[C@@H](C(=O)Nc2cncc3ccccc23)c2cc(Cl)ccc21,0.0
CN1CCC(C(=O)NC(C)(C(=O)Nc2cncc3ccccc23)c2ccc(Cl)c(Cl)c2)C1,1.0
N#Cc1cc(Cl)cc(NC(=O)Nc2cccnc2)c1,0.0
O=C(Nc1cncc2ccccc12)C1CN(S(=O)(=O)NC2CC2)Cc2ccc(Cl)cc21,1.0
COCCNC(=O)[C@@H](c1ccccc1)N1Cc2ccccc2C1=O,0.0
O=C(NCCc1cccc(F)c1)C(c1cccnc1)N(C(=O)c1ccco1)c1ccc(-c2n[nH]c3c2COCC3)cc1,0.0
N#Cc1ccc2cncc(NC(=O)C3CCOc4ccc(Cl)cc43)c2c1,1.0
CNC(=O)CN1CC(C)(C(=O)Nc2cncc3ccccc23)c2cc(Cl)ccc2S1(=O)=O,1.0
Cn1ncc2c(NCc3ccc4cccnc4c3)ncnc21,0.0
O=c1[nH]c(Cc2cccc(S(F)(F)(F)(F)F)c2)nc2cnccc12,0.0
CC(C)=CCC[C@@](C)(O)[C@H]1CC[C@]2(C)[C@@H]1[C@H](O)C[C@@H]1[C@@]3(C)CC[C@H](O[C@@H]4O[C@H](CO)[C@@H](O)[C@H](O)[C@H]4O)C(C)(C)[C@@H]3CC[C@]12C,0.0
O=C(COc1cccc(Cl)c1)Nc1cncc2ccccc12,0.0
CC(C)(C)c1ccc(N(C(=O)c2ccccc2)C(C(=O)NCCc2cccc(F)c2)c2cccnc2)cc1,0.0
CC(=O)NC(C(=O)Nc1cncc2ccccc12)c1ccc(Cl)c(Cl)c1,1.0
CCCCN(CCNC(=O)Nc1cn(C)c(=O)c2ccccc12)Cc1ccco1,0.0
O=C(Nc1cncc2ccccc12)[C@@H]1CCNc2cc(Cl)c(Cl)cc21,1.0
CC1(CS(=O)(=O)N2Cc3ccc(Cl)cc3C3(CCN(c4cncc5ccccc45)C3=O)C2)CS(=O)(=O)C1,1.0
O=C(Cc1ccccc1F)Nc1cncc2ccccc12,0.0
O=C(NCc1cccc(Cl)c1)c1cncc2ccccc12,0.0
CS(=O)(=O)N1CCc2ccc(Cl)cc2C1C(=O)Nc1cncc2ccccc12,1.0
N#Cc1cccc(C2CN(C(=O)CCl)Cc3ccccc32)c1,1.0
COC(=O)CN1Cc2ccc(Cl)cc2C(C(=O)Nc2cncc3ccccc23)C1,1.0
O=C(Nc1[nH]nc2cccnc12)C1CCOc2ccc(Cl)cc21,0.0
CC(CNc1ccc2nnnn2n1)c1nc2ccccc2s1,0.0
NC(=O)c1cc2c(NC(=O)C3CCOc4ccc(Cl)cc43)cncc2s1,1.0
CCN(CC)S(=O)(=O)c1ccc(S(=O)(=O)N2CCN(S(N)(=O)=O)CC2)cc1,0.0
COc1ccc2c(NC(=O)Cc3cccc(Cl)c3)cncc2c1,1.0
COc1ccccc1NC1CN(C(=O)c2cc(=O)[nH]c3ccccc23)C1,0.0
O=C(CN1CCN(C2CC2)C1=O)NC(C(=O)Nc1cncc2ccccc12)c1cccc(Cl)c1,1.0
CC1Cn2nccc2CN1C(=O)CC1(C(=O)Nc2cncc3ccccc23)CCOc2ccc(Cl)cc21,1.0
Cn1ccn2c(CNC(=O)c3ccc4ncsc4c3)nnc2c1=O,0.0
Clc1scc(CN2CCC(c3ccn[nH]3)CC2)c1Cl,0.0
O=C(Cc1cccc(Cl)c1)Nc1cncc2c(Cl)cccc12,0.0
CCS(=O)(=O)c1cc(Cl)cc(CNS(=O)(=O)c2cccs2)c1,0.0
CC(=O)N1Cc2ccc(Cl)cc2C(C(=O)Nc2cncc3ccccc23)C1,1.0
COc1cc2c(NC(=O)Cc3cccc(Cl)c3)cncc2cc1F,1.0
COc1c(C(=O)N(c2ccc(C(C)(C)C)cc2)C(C(=O)NCCc2cccc(F)c2)c2cccnc2)[nH]c(=O)[nH]c1=O,0.0
COC[C@@]1(C(=O)Nc2cncc3ccccc23)CCOc2cc(Cl)c(Cl)cc21,0.0
CCOc1ccc(N(C(=O)c2c[nH]cn2)C(C(=O)NCCc2cccc(F)c2)c2cccnc2)cn1,0.0
CN(C)C(=O)c1cc2c(NC(=O)C3CCOc4ccc(Cl)cc43)cncc2s1,1.0
CN(C)S(=O)(=O)N1Cc2ccc(Cl)cc2C(C(=O)Nc2cnccc2C(F)(F)F)C1,0.0
CC(C)Cn1cc(NC(=O)N2CCC(Cc3ccccc3)CC2)c2ccccc2c1=O,0.0
Cc1ccc(S(=O)(=O)NCCNC(=O)N2CCN(S(=O)(=O)N3CCCC3)CC2)cc1,0.0
COC(=O)N[C@H](C(=O)N1CCC[C@H]1c1ncc(-c2ccc(-c3ccc(-c4cnc([C@@H]5CCCN5C(=O)[C@@H](NC(=O)OC)C(C)C)[nH]4)cc3)cc2)[nH]1)C(C)C,0.0
O=C(Nn1cnc2ccccc21)C(Cc1cccc(Cl)c1)c1ccc(N2CCOCC2)cc1,0.0
O=C(NCCc1cccc(F)c1)C(c1cccnc1)N(C(=O)c1c[nH]cn1)c1ccc(Cn2cccn2)cc1,0.0
O=C(Nc1cncc2ccccc12)C(CO)c1ccc(Cl)c(Cl)c1,0.0
COc1ccccc1CC(=O)Nc1cncc2ccccc12,0.0
COc1cc(OC)nc(C#N)n1,0.0
O=C1CC(C(=O)Nc2cncc3ccccc23)c2cc(Cl)cc(Cl)c2N1,1.0
CC[C@H](C)[C@H](NC(=O)[C@H](CO)NC(=O)[C@@H](NC(=O)[C@@H]1CCCN1C(=O)[C@H](C)NC(=O)[C@@H](N)CC(N)=O)C(C)C)C(=O)N1CCC[C@H]1C(=O)N[C@@H](CCC(N)=O)C(=O)O,0.0
CC(C)(C)c1ccc(N(C(=O)c2cc(=O)c3c(O)cccc3o2)C(C(=O)NCCc2cccc(F)c2)c2cccnc2)cc1,0.0
CC(C)(C)c1ccc(N(C(=O)c2cnc(C(C)(C)CF)o2)C(C(=O)NCCc2cccc(F)c2)c2cccnc2)cc1,0.0
O=C(CCl)N1CCN(C(c2ccccc2)c2ccccc2)CC1,1.0
C=CC(=O)N1CCN(S(=O)(=O)c2ccccc2)CC1,0.0
COc1cnc(C#N)nc1,0.0
CN1C(=O)CCc2cc(N(C(=O)c3c[nH]cn3)C(C(=O)NCCc3cccc(F)c3)c3cccnc3)ccc21,0.0
CC(C(N)=O)c1cc(Cl)cc(CC(=O)Nc2cncc3ccccc23)c1,1.0
CN(C)S(=O)(=O)N1CCc2ccc(Cl)cc2C1C(=O)Nc1cncc2ccccc12,1.0
CN(C)c1ccc2c(NC(=O)Cc3cccc(Cl)c3)cncc2c1,1.0
NS(=O)(=O)C1Cc2ccccc2N(CCNS(=O)(=O)c2ccccc2)C1,0.0
O=C(Nc1nn2cnnc2s1)c1csc(-c2ccccc2)n1,0.0
CCCc1cc2c(cc1S(=O)(=O)N1CCN(c3cccc(Cl)c3Cl)CC1)OCO2,0.0
C1=C(c2c[nH]c3ccccc23)CCN(Cc2ccno2)C1,0.0
O=C(Nc1cncc2ccccc12)N(CCC1CCCCC1)c1cccc(Cl)c1,1.0
CCCCc1nc(-c2nccn2CCc2ccccn2)c[nH]1,0.0
O=C(CCl)N1CCCN(S(=O)(=O)c2ccc(F)cc2)CC1,0.0
CC(C)(C)c1ccc(N(C(=O)c2cocn2)C(C(=O)NC2CCOC2)c2cccnc2)cc1,1.0
CC(C)(C)c1ccc(-c2nnc(Sc3cnc([N+](=O)[O-])s3)o2)cc1,1.0
Cc1ccncc1NC(=O)CN1CCCCC1,0.0
O=C(Cc1cccc(Cl)c1)N[C@H]1CCNC1=O,0.0
CC(C)(C)c1ccc(N(C(=O)c2cnco2)C(C(=O)NCCc2cccc(F)c2)c2cccnc2)cc1,1.0
O=C(Nc1cncc2ccccc12)C1(CNc2c[nH]c(=O)[nH]c2=O)CCOc2cc(Cl)ccc21,1.0
N#Cc1ccc(N(C(=O)c2ccco2)C(C(=O)NCCc2cccc(F)c2)c2cccnc2)cc1,0.0
Cc1cccc(COC(=O)c2cccc3c2NC(=O)C3=O)c1,0.0
O=C(NCCc1cccc(F)c1)C(c1cccnc1)N(C(=O)c1cocn1)c1cnn(-c2ccccc2)c1,1.0
O=C(Cc1cccc(Cl)c1)Nc1cncc2nc[nH]c12,0.0
C=CC(=O)NCC1(C(=O)Nc2cncc3ccccc23)CCOc2ccc(Cl)cc21,1.0
COc1ccc2cncc(NC(=O)[C@H]3CCNc4cc(Cl)c(Cl)cc43)c2c1,1.0
COC(=O)c1c(C)n(S(C)(=O)=O)c2ccc(N(C(=O)c3ccco3)S(C)(=O)=O)cc12,1.0
COc1ccc2c(NC(=O)C3CN(S(=O)(=O)CC4(C#N)CC4)Cc4ccc(Cl)cc43)cncc2c1,1.0
O=C(Cc1ccc(Cl)c(Cl)c1)Nc1cncc2ccncc12,1.0
CC(=O)N(CC(=O)Nc1ccc(F)c(Cl)c1)c1cccc(C(F)(F)F)c1,0.0
O=C(Cc1cc(Cl)cc(OC(F)(F)F)c1)Nc1cncc2ccccc12,1.0
CC(=O)c1ccc(N(C(=O)c2ccco2)C(C(=O)NCCc2cccc(F)c2)c2cccnc2)cc1,0.0
O=C(NCCc1cccc(F)c1)C(c1cccnc1)N(C(=O)c1cocn1)C1CCc2cc(F)ccc21,0.0
Nc1cccc(C2CN(C(=O)CCl)Cc3ccccc32)c1,0.0
Cc1nc2ccc(NS(=O)(=O)c3cccc4nonc34)cc2o1,0.0
CC(C)S(=O)(=O)c1ccc(N(C(=O)c2c[nH]cn2)C(C(=O)NCCc2cccc(F)c2)c2cccnc2)cc1,0.0
CNC(=O)CN1Cc2ccc(Cl)cc2[C@]2(CCN(c3cncc4c3CCCC4)C2=O)C1,0.0
O=C(Cc1ccc2[nH]c(=O)[nH]c2c1)NC1(CNC(=O)c2cnc[nH]2)CC1,0.0
CC(C)(C)c1ccc(N(C(=O)c2ccc(O)c(=O)o2)C(C(=O)NCCc2cccc(F)c2)c2cccnc2)cc1,0.0
O=C1OC(c2cccs2)=N/C1=C\c1ccc(N2CCOCC2)s1,1.0
O=C(Nc1ccc(N(Cc2ccsc2)C(=O)Cn2nnc3ccccc32)cc1)C1CC1,0.0
CN(CCO)c1ccc(CNCC2(C(=O)Nc3cncc4ccccc34)CCOc3ccc(Cl)cc32)cn1,1.0
CN1Cc2ccc(Cl)cc2C(C(=O)Nc2cncc3ccccc23)C1,1.0
